customerid,name,contactinfo,address,email,phone,preferredpaymentmethod,creditlimit,accountstatus
1,Pavla,604-930-1910,,pstiegar0@mlb.com,517-317-9949,PayPal,,
2,Daune,247-304-6858,02046 Ridgeview Court,dnozzolii1@dailymotion.com,861-639-2872,Debit Card,31.87,Inactive
3,Nevile,681-573-1808,99 Hudson Place,nwoolpert2@omniture.com,284-481-9557,Credit Card,57.35,
4,Eustace,661-792-2250,1 Haas Trail,ecorbet3@dion.ne.jp,751-973-4999,Cash,72.25,Inactive
5,Elga,396-320-1096,47979 Grayhawk Point,ejudd4@blog.com,540-889-6804,Credit Card,22.53,Closed
6,Murray,177-906-9755,43 Ronald Regan Circle,,551-233-1800,Debit Card,42.29,
7,Lem,530-371-7416,01 Rieder Hill,lshelsher6@slideshare.net,426-218-5978,Credit Card,,Inactive
8,Reube,419-493-9840,760 Stephen Center,rrenfree7@issuu.com,196-557-6457,Debit Card,38.13,Pending
9,Sergeant,112-639-3137,8 Cordelia Avenue,sheazel8@google.de,264-566-2847,Credit Card,88.57,
10,Valeria,107-812-7906,,vsegoe9@is.gd,689-637-1334,,60.73,
11,Dory,246-900-1309,,dcayforda@free.fr,698-822-1727,PayPal,87.32,
12,Dwight,675-117-2701,66 Chinook Avenue,dcullingfordb@parallels.com,116-837-1990,Cash,44.61,Pending
13,Liliane,851-356-4510,811 Dayton Point,lbouldonc@youku.com,219-429-1035,Cash,84.35,Active
14,Juditha,604-481-4282,2479 Carberry Drive,jtidbaldd@slate.com,863-897-8129,Credit Card,42.38,Closed
15,Claudianus,681-286-4604,476 Anzinger Park,cqueyeiroe@meetup.com,310-967-9196,Debit Card,99.40,Inactive
16,Sayres,771-236-4915,9 Michigan Hill,slampreyf@blog.com,795-862-3372,Credit Card,32.90,Pending
17,Leslie,986-612-5455,4 Briar Crest Pass,leppg@unesco.org,609-649-3920,,,Pending
18,Waring,731-881-0894,34765 Lotheville Avenue,wvickerh@fotki.com,709-228-5038,Cash,82.65,Inactive
19,Xenia,374-335-3454,44778 Hoard Place,xconigsbyi@go.com,956-919-2242,Cash,50.94,Pending
20,Jermaine,671-460-0826,,jfrancktonj@mozilla.org,725-370-2354,PayPal,74.84,Active
21,Lucais,712-196-5551,,lfermork@shareasale.com,912-976-5343,PayPal,98.66,Active
22,Ritchie,214-407-9015,1 Thackeray Avenue,rbeminsterl@army.mil,663-805-9611,Debit Card,77.66,Pending
23,Washington,288-412-3803,76 Ruskin Crossing,,870-165-6236,Credit Card,88.37,Active
24,Eddy,983-250-1185,,eecclestonn@cbslocal.com,295-553-9441,Cash,80.06,Pending
25,Lief,459-959-6791,639 Dottie Hill,lwhiskino@e-recht24.de,148-299-6949,Debit Card,88.41,Closed
26,Talbot,619-581-1496,7807 Tennyson Junction,tcasarilip@github.io,482-145-0374,Credit Card,98.65,Closed
27,Lawton,281-382-4852,51 Weeping Birch Junction,lkibbeeq@mysql.com,906-129-7957,Credit Card,,Active
28,Iormina,647-522-4916,476 Kinsman Lane,iallnattr@imageshack.us,929-278-9689,PayPal,80.54,Active
29,Abbey,704-971-4064,3606 Mendota Park,ahulkss@360.cn,900-843-7076,Debit Card,57.93,Active
30,Sonia,943-121-2021,171 Hudson Court,,207-230-1245,Credit Card,,Closed
31,Marcela,477-973-1374,,mbarffu@slashdot.org,784-364-6314,Debit Card,83.32,
32,Findlay,876-841-1765,,fkindonv@php.net,943-668-4155,,55.60,Inactive
33,Marcus,657-330-2190,698 Pearson Alley,mmatasovw@prlog.org,447-258-6884,Cash,57.06,Pending
34,Talbot,624-320-9938,0966 Fairview Terrace,tdeanex@vk.com,279-733-7333,PayPal,23.25,Active
35,Gunar,744-664-8279,1345 Anthes Place,gbeaginy@hostgator.com,623-154-8054,Cash,28.33,Inactive
36,Walt,888-509-2738,02 Moulton Plaza,wwillbournez@webmd.com,124-931-1934,PayPal,35.74,
37,Francesca,394-261-4162,42 Red Cloud Center,fokker10@prnewswire.com,862-109-5900,,64.60,Pending
38,Jocelin,932-679-5005,388 Shopko Place,jcordie11@chronoengine.com,772-552-8775,Debit Card,,Pending
39,Stormy,673-753-3051,14798 Hauk Hill,sdjakovic12@sohu.com,555-322-1972,Debit Card,77.12,
40,Terza,445-447-2012,19 Lighthouse Bay Way,tboddam13@state.tx.us,781-154-0261,Credit Card,,Closed
41,Kelby,543-237-8517,,kpankethman14@amazon.de,363-643-9036,Debit Card,,Active
42,Baxy,924-706-1217,54938 Garrison Trail,bhouchen15@cbc.ca,605-533-2549,Debit Card,35.50,
43,Kat,301-535-5218,,kerickson16@skype.com,109-240-4502,Debit Card,60.68,
44,Neils,386-123-5082,,nlanfare17@163.com,855-551-9427,PayPal,32.29,Active
45,Inna,380-656-5977,4683 Maple Wood Road,iorans18@elegantthemes.com,662-825-5095,PayPal,55.14,Inactive
46,Hillary,993-436-4413,176 Bunting Crossing,hdemcak19@wikipedia.org,645-828-0771,,58.79,Inactive
47,Katleen,993-959-0863,75 1st Street,khudel1a@narod.ru,860-258-4109,Credit Card,25.44,Active
48,Deny,611-829-8871,,dguion1b@webs.com,503-942-7543,PayPal,12.20,Active
49,Evvie,457-944-0481,2 Kedzie Court,eshaves1c@t-online.de,268-647-6968,PayPal,,Active
50,Fancy,904-433-7114,129 Vahlen Junction,fagg1d@surveymonkey.com,508-198-4319,PayPal,22.05,
51,Constantia,663-304-8807,18277 Clemons Point,cbeare1e@weather.com,273-842-4715,Debit Card,47.16,Pending
52,Silvana,176-319-8158,301 Aberg Alley,ssidney1f@yelp.com,865-694-3548,,,Closed
53,Melina,366-551-9831,5 Arrowood Place,,417-859-4904,Debit Card,49.91,Pending
54,Taite,336-379-1517,,tlarciere1h@thetimes.co.uk,740-478-1739,Debit Card,52.95,Inactive
55,Truda,136-810-1039,3 Magdeline Trail,tdrains1i@who.int,928-226-7558,Credit Card,48.18,Pending
56,Dick,913-592-9746,,dstiven1j@mediafire.com,237-337-7358,PayPal,46.45,Inactive
57,Sherman,271-933-3045,2 Bashford Circle,sdecristoforo1k@whitehouse.gov,603-838-2750,Credit Card,18.04,Active
58,Noak,864-591-3631,7 Oriole Park,nnolleau1l@opera.com,746-528-9322,Debit Card,54.92,Inactive
59,Phillipp,995-350-8415,0 Lake View Lane,pmcconway1m@army.mil,281-208-1513,PayPal,,Active
60,Marylinda,801-501-0398,5 Service Park,mstiebler1n@shinystat.com,380-492-0462,Cash,,Closed
61,Bev,489-818-6219,679 Paget Place,bpennells1o@examiner.com,239-114-0296,Credit Card,53.56,Active
62,Maddy,162-595-9651,9562 Hauk Terrace,mtewnion1p@berkeley.edu,715-503-0664,,77.24,Inactive
63,Willie,363-842-3295,,wmourge1q@squarespace.com,746-885-6255,Credit Card,87.09,Pending
64,Elvira,712-304-1185,237 Anniversary Crossing,ealdous1r@domainmarket.com,283-900-2207,PayPal,51.12,
65,Lynn,664-570-6299,635 Eagan Lane,lreddings1s@arstechnica.com,359-579-3989,Debit Card,57.95,
66,Loutitia,507-485-3650,7 Hoffman Hill,ldewilde1t@bizjournals.com,700-492-6971,Debit Card,37.41,Pending
67,Shanan,357-702-6335,,shounsham1u@dagondesign.com,338-258-2578,Credit Card,58.72,Active
68,Pattie,163-420-5866,,pbaysting1v@youtu.be,686-787-0542,Cash,48.68,Inactive
69,Sukey,406-936-8718,,slabba1w@tumblr.com,569-908-2945,,52.78,Pending
70,Faydra,526-196-0663,,fselesnick1x@house.gov,562-553-5003,,88.65,Closed
71,Carine,297-217-7463,5 Gina Circle,cplomer1y@bbb.org,925-542-5436,Cash,32.89,Inactive
72,Natasha,261-562-2394,,ngrayshan1z@dagondesign.com,140-280-9795,Debit Card,42.65,Pending
73,Zulema,265-863-6488,0800 Hoffman Avenue,zdipietro20@upenn.edu,617-568-4365,PayPal,76.33,Active
74,Tiphani,417-483-5222,4 Schmedeman Place,,381-593-4970,Credit Card,27.04,Active
75,Tremain,347-606-7189,,tcahill22@statcounter.com,307-357-4459,Cash,68.55,Pending
76,Harriett,441-440-1535,,hbraunter23@ucoz.com,587-917-4800,Cash,92.00,Active
77,Huntington,462-941-5287,0 International Avenue,hgibling24@nhs.uk,110-492-8702,PayPal,42.76,Active
78,Zarah,480-441-7036,,zpraill25@reference.com,521-376-9517,,45.15,Inactive
79,Piggy,176-267-6161,3870 Scoville Street,prubertelli26@hc360.com,685-107-7161,Debit Card,89.46,Active
80,Gerti,248-752-9055,0206 Village Alley,gswett27@unicef.org,284-195-4365,Cash,51.97,Pending
81,Vinson,630-204-6267,26304 North Way,vtucker28@homestead.com,768-956-3604,PayPal,47.87,Closed
82,Nataniel,524-571-8908,,nvanyard29@woothemes.com,717-829-7642,Credit Card,72.13,
83,Bo,198-329-2240,6 Scott Street,belia2a@google.com.hk,757-535-8001,PayPal,76.92,Pending
84,Courtney,756-598-7175,28303 Dawn Pass,csamarth2b@usgs.gov,781-227-6814,Cash,46.02,Closed
85,Kristina,975-703-4110,10 Dahle Terrace,kwelbeck2c@google.com,859-830-8914,Debit Card,,Inactive
86,Arvin,662-831-2231,07 Fairfield Way,abelcham2d@prnewswire.com,540-508-2920,PayPal,34.61,Closed
87,Catriona,504-979-4045,52 Anniversary Junction,cmatteau2e@answers.com,774-860-1877,PayPal,,Pending
88,Lita,430-842-6391,907 Schlimgen Alley,lhabbon2f@berkeley.edu,861-616-0992,Credit Card,35.27,Closed
89,Andonis,949-787-5624,,abigby2g@yandex.ru,355-437-4711,Credit Card,48.67,Inactive
90,Chelsae,798-929-4261,37 Rusk Park,cdedenham2h@arizona.edu,620-100-0933,Debit Card,50.75,Inactive
91,Oriana,875-994-5703,93126 Farmco Crossing,omcgroarty2i@goo.ne.jp,236-107-5832,Cash,86.65,Active
92,Ema,292-874-1551,054 Emmet Circle,eespinal2j@sogou.com,707-204-2139,Cash,80.83,Inactive
93,Lawrence,788-172-8347,2501 Hollow Ridge Park,ldownse2k@baidu.com,888-184-8757,Credit Card,61.30,Inactive
94,Mead,823-162-7249,1780 Jay Place,mgardner2l@admin.ch,171-873-4867,Debit Card,,Active
95,Berti,567-232-6709,936 Moose Pass,bsapwell2m@dot.gov,571-697-1324,PayPal,74.21,Pending
96,Ernestine,341-428-6099,36237 New Castle Road,ecroan2n@example.com,419-995-1550,Credit Card,,Closed
97,Fayth,479-834-3698,1401 Fairfield Junction,fstribling2o@dedecms.com,840-777-5997,Cash,20.16,Active
98,Armando,759-766-4585,87 Fremont Point,awaterhouse2p@nih.gov,304-504-9215,PayPal,30.65,
99,Bryon,353-518-4849,,bmaccard2q@myspace.com,174-326-6830,PayPal,,Active
100,Bartlet,369-229-4821,,bfarrens2r@squidoo.com,608-898-8766,Credit Card,89.92,Active
101,Alexia,288-975-6654,3 Vernon Trail,asmaile2s@mashable.com,466-445-7263,Cash,79.81,Pending
102,Hilliary,836-639-6335,006 Porter Circle,hbaggalley2t@illinois.edu,752-826-4450,Cash,61.96,Closed
103,Kale,974-986-6952,0034 Prentice Pass,kcominello2u@1688.com,168-418-0678,Cash,,Active
104,Cliff,710-144-8902,120 Erie Avenue,cmaccook2v@so-net.ne.jp,380-115-9731,Credit Card,77.11,Active
105,Thedrick,893-626-9726,25 Walton Junction,tronisch2w@dion.ne.jp,140-728-4395,Debit Card,47.37,Active
106,Joella,705-884-0071,,,741-385-3078,Credit Card,95.12,Active
107,Cyndi,335-736-8131,39624 Shoshone Place,chollidge2y@mac.com,547-586-7250,,29.06,Active
108,Lorrin,571-543-3010,79702 Randy Pass,ldellabbate2z@shareasale.com,110-975-2622,Cash,84.06,Closed
109,Alaric,874-717-0955,7298 Esker Hill,anewcom30@statcounter.com,592-270-6259,Credit Card,19.90,Inactive
110,Marven,828-838-8043,0 Namekagon Point,malvey31@vinaora.com,214-490-7495,Debit Card,83.13,Closed
111,Fenelia,882-789-9843,92064 Colorado Road,fbradlaugh32@marketwatch.com,690-239-1760,Credit Card,,Pending
112,Inness,258-945-8912,1 Logan Center,imallabone33@thetimes.co.uk,484-456-3158,Cash,42.48,Pending
113,Steffie,681-782-8177,81 Larry Trail,sivashin34@123-reg.co.uk,217-552-1027,PayPal,,Closed
114,Jemimah,643-655-3354,68 Tony Parkway,jassur35@umich.edu,846-818-3074,PayPal,44.41,Active
115,Marielle,999-188-4173,427 Susan Lane,,648-211-4932,PayPal,,Pending
116,Mahmoud,967-979-4490,681 David Plaza,mcallum37@si.edu,912-330-8197,Debit Card,62.75,Inactive
117,Tito,361-353-7027,058 Canary Trail,tmahmood38@fda.gov,687-960-5205,Credit Card,13.60,Closed
118,Ange,504-417-8294,6565 Maywood Junction,akennerley39@goo.ne.jp,181-875-7681,Cash,42.35,Active
119,Jaye,274-276-5574,59830 Morrow Pass,jdorosario3a@pagesperso-orange.fr,626-802-8418,Cash,46.50,
120,Adan,660-350-3941,14881 Center Park,abikker3b@jimdo.com,244-335-9392,PayPal,59.46,Pending
121,Morgen,274-301-3698,61 Warrior Trail,mjeannet3c@state.tx.us,639-433-0436,PayPal,93.30,Active
122,Max,562-172-1498,397 Dryden Terrace,mizkovitz3d@digg.com,975-605-4140,Debit Card,12.50,Closed
123,Innis,486-961-2420,2839 Vernon Alley,ivasyunichev3e@deviantart.com,159-962-0000,Credit Card,28.45,Active
124,Moshe,333-526-4848,8796 Merchant Point,mpettifor3f@geocities.jp,361-364-6449,Cash,81.05,Inactive
125,Jorey,153-408-2655,8 High Crossing Court,jgranleese3g@posterous.com,938-505-3572,Debit Card,,Closed
126,Sherline,519-183-0541,,sfrobisher3h@timesonline.co.uk,744-760-0534,Cash,53.93,Active
127,Georas,483-471-9805,908 Badeau Circle,gcelez3i@wordpress.com,285-708-3115,Credit Card,37.59,Active
128,Briant,262-167-8230,474 Charing Cross Plaza,bebsworth3j@com.com,921-923-9438,Credit Card,97.97,Pending
129,Kippie,354-616-4623,4885 Jenifer Drive,kklaassens3k@mapy.cz,499-689-5325,Cash,,Pending
130,Bordy,217-317-3541,12 Hauk Road,bdonisi3l@berkeley.edu,239-166-7411,Debit Card,19.27,Pending
131,Sacha,292-795-9688,38711 Rutledge Avenue,smcallen3m@omniture.com,866-619-5309,Cash,,Inactive
132,Jeff,814-573-6791,5 Moland Parkway,jdogg3n@amazon.co.uk,985-259-1280,Cash,99.19,Closed
133,Dame,646-872-6932,97 Vermont Pass,daddis3o@squarespace.com,945-355-4408,PayPal,30.61,Closed
134,Rosemary,187-241-4570,293 Killdeer Trail,rottosen3p@multiply.com,205-762-6236,,32.87,Active
135,Cyrillus,872-897-6698,26585 Heffernan Lane,cdarbey3q@hud.gov,152-683-3799,Debit Card,,Closed
136,Earlie,904-336-7825,,epere3r@blogtalkradio.com,673-585-2985,Debit Card,59.16,Closed
137,Farrell,793-583-9845,12702 Kedzie Lane,ftaffley3s@mysql.com,435-467-8483,Cash,,Inactive
138,Ulick,209-168-9470,1 Manufacturers Junction,ubedinham3t@cnet.com,114-941-5275,PayPal,92.23,Active
139,Noah,448-117-7475,42962 Truax Trail,nabelov3u@webeden.co.uk,300-455-5030,Credit Card,56.39,Pending
140,Leia,770-768-8795,733 Crest Line Center,lskala3v@chicagotribune.com,259-285-0480,PayPal,,Active
141,Bron,271-222-8501,02533 Northview Trail,,367-363-6008,,33.63,
142,Bengt,749-324-9428,,bkem3x@ustream.tv,247-363-8058,Debit Card,85.94,Inactive
143,Mile,709-907-4681,085 Namekagon Court,mbulward3y@4shared.com,865-715-1296,Debit Card,67.58,Active
144,Arlina,410-697-0113,57986 Muir Place,,970-149-8286,Credit Card,82.23,Active
145,Roddy,555-684-2675,86567 Hauk Road,rgormley40@oakley.com,873-111-5761,,62.38,Inactive
146,Yoshiko,199-963-5563,3 Cascade Crossing,ybinns41@telegraph.co.uk,883-872-1110,Credit Card,97.70,Pending
147,Julio,440-573-2736,7 Stuart Drive,jludye42@smh.com.au,668-594-6563,PayPal,,Inactive
148,Regen,739-292-2881,19804 Mayer Street,rleppington43@webeden.co.uk,674-963-7387,PayPal,62.76,Pending
149,Hobart,388-140-8688,,hhuortic44@pen.io,647-998-0555,Debit Card,,Pending
150,Chlo,988-847-0896,00 Harper Parkway,cswalwell45@eventbrite.com,863-610-0310,PayPal,10.90,Inactive
151,Rosabella,803-967-7770,0 Hagan Plaza,rtreby46@ustream.tv,527-106-1244,Credit Card,48.89,Closed
152,Catie,444-288-4538,62 Mandrake Street,crenzo47@bravesites.com,317-945-6832,Cash,77.39,Closed
153,Edmon,156-790-6744,2 2nd Trail,emazzei48@uol.com.br,908-959-5882,Debit Card,,Active
154,Christy,372-962-6901,6 Melby Street,cguest49@loc.gov,776-430-5228,,27.89,Inactive
155,Ali,247-514-4006,3049 Memorial Way,akordes4a@oakley.com,127-218-4462,Credit Card,43.36,Closed
156,Samson,287-823-4698,8 Esker Park,shuckster4b@i2i.jp,769-678-8311,Credit Card,67.00,Closed
157,Tandie,397-447-5472,32 Forster Parkway,,425-845-9689,Debit Card,26.00,Active
158,Troy,518-351-2652,2 Granby Lane,treddlesden4d@themeforest.net,536-980-2686,Credit Card,52.38,Active
159,Lorilyn,573-865-8689,03 Meadow Vale Park,lmatis4e@ow.ly,353-408-9478,Debit Card,,
160,Zak,917-948-0656,,zborit4f@globo.com,111-795-4589,PayPal,61.07,Closed
161,Maximilien,291-534-5940,75069 New Castle Crossing,mverling4g@ibm.com,515-729-2752,Debit Card,39.72,Closed
162,Fifine,297-179-1671,27 Kingsford Road,fgarron4h@google.es,202-696-6124,Debit Card,81.43,Inactive
163,Niles,990-401-0392,10458 Morrow Junction,nnewby4i@amazon.co.jp,695-199-4703,Cash,29.29,Closed
164,Abbye,865-695-4544,353 Oak Center,ascholler4j@pbs.org,198-241-5109,Debit Card,93.64,Active
165,Robenia,947-461-5233,23 Scott Street,rfarres4k@cdc.gov,119-872-2684,Cash,22.59,Closed
166,Myrna,962-336-9233,788 Dexter Park,mjoscelin4l@amazon.co.uk,346-438-8486,Credit Card,,Active
167,Tabbitha,803-352-3349,25915 Eastwood Pass,tpau4m@blinklist.com,610-695-5993,Debit Card,,
168,Anna,387-779-8504,66 Pawling Circle,avance4n@shinystat.com,338-726-5038,PayPal,43.02,Closed
169,Cloris,617-769-5788,67 Lerdahl Drive,cdalesco4o@instagram.com,494-526-6907,,13.56,Active
170,Giavani,312-156-4797,1 Harper Crossing,,156-115-9610,Debit Card,49.75,Pending
171,Orelie,645-795-9211,75942 Arkansas Crossing,oscawn4q@marriott.com,410-243-6556,PayPal,90.29,
172,Sybyl,786-802-2038,3107 Clemons Street,sbails4r@harvard.edu,418-857-2196,PayPal,33.54,Inactive
173,Glynnis,295-803-9412,53 Anniversary Street,gspehr4s@vinaora.com,362-697-1211,Credit Card,,Active
174,Shaylynn,818-501-7855,57 Vernon Point,ssummersby4t@blogger.com,726-336-1871,Cash,27.69,Pending
175,Rich,114-222-5938,14090 Jenna Pass,rgutteridge4u@dailymail.co.uk,429-983-4573,PayPal,53.51,Inactive
176,Daile,382-969-1282,,dmaxwell4v@jigsy.com,683-361-9093,,43.60,Inactive
177,Vikki,648-492-5062,71 Jackson Parkway,vstilling4w@dagondesign.com,174-707-7224,,86.82,Closed
178,Maurie,681-431-0197,65219 Banding Plaza,mlindemann4x@cbsnews.com,977-874-3036,Cash,76.92,Active
179,Cassandry,692-975-3502,96283 Sloan Lane,csmedmore4y@free.fr,625-257-4822,Debit Card,31.47,Active
180,Sloan,995-378-8429,,shucquart4z@edublogs.org,349-726-6558,Cash,16.87,
181,Desi,426-116-9820,56 Hudson Terrace,dbilborough50@opera.com,675-986-1409,PayPal,,Closed
182,Page,567-847-9182,4448 Sage Court,pmartschik51@dagondesign.com,256-980-3029,Credit Card,84.91,Active
183,Augustus,105-258-7459,1 Golden Leaf Plaza,apyffe52@umn.edu,607-249-0714,,75.35,Closed
184,Violet,204-458-0873,,,242-217-3723,Cash,63.37,Closed
185,Karim,844-229-0412,650 Arkansas Point,ktuffs54@1688.com,460-822-8579,,,Closed
186,Odo,889-107-2662,729 Sheridan Street,oportriss55@hatena.ne.jp,559-289-2413,PayPal,64.52,Inactive
187,Garnette,411-663-2874,772 Birchwood Place,gkesper56@mapquest.com,217-778-0933,Credit Card,30.38,
188,Teodorico,956-858-6610,,teager57@nydailynews.com,786-832-0024,Credit Card,57.25,Active
189,Zachary,115-689-1040,72289 Di Loreto Street,zbrannan58@prnewswire.com,133-993-6552,Debit Card,72.12,Closed
190,Sabrina,874-638-6073,9 High Crossing Circle,sdannel59@t.co,356-141-8385,Cash,16.24,Inactive
191,Jerry,676-770-2125,32185 Declaration Alley,jleggitt5a@ehow.com,783-111-3789,Debit Card,76.88,Inactive
192,Ula,101-401-3220,72512 Crownhardt Center,uhamper5b@foxnews.com,869-201-8889,Debit Card,86.18,
193,Kale,897-388-8414,47463 Marquette Way,kwane5c@icio.us,500-885-1419,Credit Card,40.03,Closed
194,Jereme,129-449-2674,2537 Sloan Parkway,jcettell5d@omniture.com,477-655-0924,Credit Card,45.64,Pending
195,Stephenie,912-685-8689,95137 Becker Road,ssawter5e@noaa.gov,278-201-4480,,55.64,
196,Rhodia,690-118-4227,58399 Colorado Lane,rparmiter5f@discovery.com,599-915-5641,PayPal,36.09,Closed
197,Paulita,765-636-8422,9452 Mallory Parkway,phanscom5g@wsj.com,994-224-2310,Credit Card,,Active
198,Bartram,601-326-8738,82 Briar Crest Lane,bprescot5h@oracle.com,774-934-7096,,,Inactive
199,Bonnee,812-104-8632,,bsherel5i@discovery.com,503-224-6451,PayPal,98.21,Active
200,Gweneth,235-218-1375,23702 Burrows Trail,ggee5j@weather.com,626-589-2935,Cash,33.58,Pending
201,Lyon,746-429-1190,85 Morning Trail,lgrumell5k@dot.gov,178-776-0090,Cash,64.84,Pending
202,Kellen,955-820-3991,2415 Jenifer Alley,kespinal5l@nsw.gov.au,419-301-4758,Debit Card,66.46,Pending
203,Samara,514-873-0663,,sohannay5m@japanpost.jp,409-419-2013,Debit Card,33.52,Pending
204,Ernesto,340-402-5512,8 3rd Crossing,ecolliss5n@google.de,300-191-7527,Cash,15.38,Inactive
205,Mortimer,137-373-5483,47077 7th Center,mcadany5o@mediafire.com,484-725-9632,Debit Card,,Closed
206,Brianna,369-465-2475,7 Ridgeway Alley,bhealks5p@freewebs.com,364-300-3204,Cash,93.75,Closed
207,Barnard,431-705-2243,16 Crowley Terrace,bmably5q@washingtonpost.com,619-321-1130,Debit Card,44.69,Active
208,Marketa,566-712-2613,22550 Sherman Junction,mmicklewicz5r@mayoclinic.com,382-532-6461,Debit Card,,Closed
209,Jeffry,854-650-3361,,jthurling5s@pinterest.com,544-799-2633,Credit Card,65.81,Active
210,Alison,585-827-9463,,agarrett5t@tamu.edu,213-727-1751,Debit Card,29.39,Closed
211,Ermin,762-440-5322,,eorsman5u@patch.com,415-106-6644,,,Closed
212,Elfrieda,732-517-9973,77117 Walton Lane,egirardini5v@google.cn,291-243-8643,PayPal,84.19,Pending
213,Regan,923-944-6888,,rmcaster5w@nymag.com,585-120-1452,Credit Card,64.16,Inactive
214,Grayce,770-167-6532,52 Kings Avenue,gfitzgibbon5x@drupal.org,808-404-1045,Cash,68.47,
215,Arni,542-678-2861,,,245-712-0275,Credit Card,11.77,Active
216,Bard,845-416-9605,977 Fisk Street,bchatell5z@vk.com,775-633-4469,,,Active
217,Hilarius,131-227-3771,,hleetham60@sitemeter.com,148-156-5815,Cash,,Closed
218,Anna-diana,196-248-6570,5 Rowland Place,apristnor61@usnews.com,363-851-5773,Cash,35.55,Active
219,Orton,812-248-1872,,olefriec62@ow.ly,907-343-9208,,38.99,Closed
220,Kristo,966-185-6990,816 Golden Leaf Crossing,kcape63@xrea.com,458-464-2669,Debit Card,85.62,Pending
221,Jamil,425-697-1416,25441 Melby Center,jchadwin64@ucoz.ru,450-767-1641,Credit Card,70.02,
222,Homer,836-993-5190,14 Hooker Junction,hmeyer65@wufoo.com,131-394-8907,Credit Card,48.26,Pending
223,Talyah,909-886-4731,3263 Maple Wood Pass,tlabrom66@statcounter.com,433-752-8288,Cash,,Inactive
224,Neda,353-951-4243,,ncosgrive67@shinystat.com,556-117-3071,Credit Card,20.00,Inactive
225,Lori,135-636-8483,86394 Del Sol Center,ldalziel68@omniture.com,365-996-1742,Debit Card,,Pending
226,Elfie,845-599-7515,58026 Stuart Road,elindenman69@technorati.com,155-109-6499,Debit Card,28.53,Closed
227,Yoko,222-447-6700,331 Grasskamp Lane,ylautie6a@tumblr.com,773-480-1003,Cash,,Active
228,Sherrie,864-443-9685,,smatyasik6b@dell.com,111-271-2122,Credit Card,13.30,Closed
229,Donalt,656-843-1157,,doldroyde6c@ovh.net,876-826-0060,Debit Card,54.20,Closed
230,Gerladina,274-539-6762,3 Ilene Crossing,gbaldock6d@nih.gov,326-386-6998,Debit Card,41.14,Active
231,Camala,839-286-1338,,calabaster6e@blinklist.com,394-332-0487,,63.47,Active
232,Devinne,684-697-9960,77575 Browning Parkway,dvynoll6f@vinaora.com,485-994-1252,,41.79,Pending
233,Valli,921-341-0943,,vwhightman6g@wiley.com,901-194-3234,,95.49,Inactive
234,Tymon,568-222-8654,743 Petterle Plaza,trawdales6h@instagram.com,402-785-6782,PayPal,48.54,Active
235,Alfons,796-580-0413,8 Fairview Crossing,agrise6i@nba.com,899-122-0351,Cash,99.60,
236,Donni,774-126-3188,,ddoghartie6j@illinois.edu,578-114-3336,Debit Card,32.65,
237,Beulah,141-498-6123,48364 Northview Alley,bleeburn6k@techcrunch.com,399-455-2050,Cash,56.17,Closed
238,Sissie,789-697-2481,55 Jenifer Circle,sextil6l@g.co,216-240-3418,PayPal,72.43,Pending
239,Kalie,692-327-4927,,karkow6m@oracle.com,703-971-7199,PayPal,58.01,
240,Van,540-857-5329,633 Longview Drive,vdebell6n@mit.edu,672-366-4551,Credit Card,86.66,Closed
241,Benedicto,398-785-1227,106 Prentice Road,bwoodbridge6o@army.mil,847-183-8493,Debit Card,56.99,Inactive
242,Alfy,816-145-4721,,amount6p@trellian.com,590-192-1885,Credit Card,,Closed
243,Currie,223-231-7443,56 Merrick Street,clyon6q@sun.com,781-386-2265,Cash,,Pending
244,Caresse,412-691-8092,415 Rigney Crossing,ccasely6r@google.co.uk,197-430-0172,Cash,16.56,Pending
245,Gerrilee,812-963-0118,,gterbrug6s@bloomberg.com,564-630-1031,Debit Card,21.95,Inactive
246,Casper,301-301-3205,7 Service Drive,chamsher6t@businessweek.com,128-368-0355,Cash,38.74,Active
247,Harmonia,158-334-0393,98 International Pass,hhawkyens6u@va.gov,431-968-9127,PayPal,64.26,Closed
248,Venita,379-604-5286,,vbrecknock6v@hud.gov,641-564-5035,Debit Card,29.94,Inactive
249,Dante,330-324-6566,40731 Di Loreto Road,dsinkins6w@nih.gov,980-149-1668,Debit Card,22.74,Active
250,Genevra,196-505-3538,3490 Summerview Lane,gmotto6x@homestead.com,732-853-5876,Credit Card,68.51,
251,Layton,829-106-0256,433 Gale Avenue,llitchmore6y@cisco.com,918-287-1211,,95.66,Pending
252,Arther,264-771-7215,86706 Eastwood Crossing,apennini6z@mozilla.org,702-925-6047,Cash,61.51,Pending
253,Lou,129-625-8867,,lgeggus70@twitter.com,485-317-3623,PayPal,19.94,Closed
254,Sarene,738-515-3802,,swhitehead71@bizjournals.com,340-372-0239,PayPal,62.30,Pending
255,Kessia,792-322-8398,51 Upham Street,kmerigeau72@uiuc.edu,252-892-5218,,29.10,
256,Everard,650-586-0207,2969 Sundown Hill,egourley73@cnbc.com,380-725-4529,Credit Card,51.84,Pending
257,Amata,738-870-2245,180 Norway Maple Place,agalvin74@time.com,170-400-5143,PayPal,,Active
258,Lexi,779-897-0169,,lhaigh75@wired.com,172-386-6027,PayPal,13.49,Pending
259,Marty,736-995-2321,5453 Westridge Place,mvarker76@usatoday.com,241-536-4738,Credit Card,22.35,Active
260,Terrence,572-374-7954,40389 Dennis Avenue,tgainor77@homestead.com,978-363-8197,Credit Card,16.42,Closed
261,Bartram,525-614-1757,,bquarrie78@4shared.com,201-705-2205,Debit Card,86.52,Active
262,Laurice,457-154-0188,34033 Lukken Drive,lcicconettii79@theatlantic.com,788-500-5723,PayPal,41.27,Pending
263,Ninette,927-258-2477,313 Packers Hill,nmazzei7a@mtv.com,952-732-3101,Credit Card,,Pending
264,Lelah,588-961-1944,,ltunny7b@unc.edu,946-659-7486,Debit Card,20.08,Closed
265,Mic,541-969-2563,2 Sunnyside Place,mgodly7c@symantec.com,787-796-6552,Debit Card,66.19,Pending
266,Elston,808-951-7489,9 Moulton Way,ekirkland7d@goo.gl,538-732-9452,Debit Card,69.56,Active
267,Arther,275-831-4795,0 Drewry Crossing,ashelvey7e@theglobeandmail.com,734-840-6639,Cash,82.64,Inactive
268,Tiffani,742-582-4311,986 Jackson Point,tgavagan7f@answers.com,991-653-4339,,48.31,Closed
269,Haze,308-118-6545,46 Hansons Hill,hghirardi7g@reference.com,176-409-4843,Credit Card,97.63,Active
270,Merrily,252-603-7940,78 Mccormick Hill,mlamerton7h@mashable.com,438-282-1632,PayPal,68.25,
271,Smith,449-833-8146,61864 Jana Trail,spischof7i@google.com,897-762-5159,Debit Card,56.54,Closed
272,Querida,853-827-7771,80183 Dovetail Parkway,qtwyning7j@patch.com,263-813-9059,,62.45,Inactive
273,Sidoney,206-764-7674,47911 Nova Circle,sbelliveau7k@soundcloud.com,996-620-6608,Debit Card,33.83,
274,Brinna,992-618-8308,8 Southridge Plaza,bstaker7l@arstechnica.com,561-503-0571,Credit Card,65.70,Closed
275,Hayden,175-521-5975,2 Swallow Park,hbrogi7m@oracle.com,535-209-5685,Debit Card,39.10,Active
276,Osmund,254-280-4145,,osiman7n@alexa.com,943-758-7069,Debit Card,16.11,Closed
277,Prissie,817-966-9426,104 Valley Edge Court,pmulholland7o@barnesandnoble.com,866-776-7590,Credit Card,36.35,Active
278,Milzie,839-328-5542,53475 Shasta Court,mwoolpert7p@hud.gov,632-131-5104,Debit Card,88.99,Active
279,Bonnibelle,931-858-1671,,bplevin7q@last.fm,385-840-9276,Credit Card,44.03,Inactive
280,Thelma,202-113-3879,,tbollins7r@forbes.com,444-855-8543,PayPal,91.65,Active
281,Mei,793-653-8958,760 Hansons Road,mhanlon7s@cam.ac.uk,537-178-3447,Cash,,Pending
282,Clementius,798-985-5794,7 Redwing Street,ckelle7t@yolasite.com,199-892-6338,Debit Card,99.44,Pending
283,Aleta,371-270-0332,,acaberas7u@thetimes.co.uk,629-274-2612,PayPal,44.22,Closed
284,Abra,760-540-6682,7 Commercial Court,asamwayes7v@youtube.com,981-595-4290,PayPal,34.51,Closed
285,Lynnet,771-805-3401,5231 Mallory Circle,lanfosso7w@infoseek.co.jp,528-814-1092,Debit Card,,Active
286,Finley,843-846-7340,85 Graceland Hill,fjuorio7x@nba.com,971-597-8874,Credit Card,96.88,Pending
287,Felipa,113-186-7127,57690 Ruskin Avenue,fcannop7y@shutterfly.com,610-411-4499,Credit Card,47.24,
288,Brig,550-692-8008,1 Farmco Junction,blandy7z@yale.edu,501-544-1279,PayPal,41.29,Inactive
289,Orlando,657-102-2200,,omcquilkin80@yolasite.com,837-429-0791,Debit Card,,Active
290,Filmer,943-644-4800,,farkil81@accuweather.com,207-840-2495,Credit Card,52.34,Closed
291,Gilda,181-261-5300,73 Grasskamp Street,gscyner82@vk.com,121-307-3139,Debit Card,97.90,Active
292,Reece,158-514-9524,56995 Johnson Park,rfeasley83@live.com,217-548-5469,PayPal,40.58,
293,Mavra,158-368-4885,53 Scoville Parkway,mpauncefort84@youtu.be,778-695-4909,,72.83,Pending
294,Sofia,699-708-5788,03755 Linden Place,scree85@amazon.de,382-936-4215,PayPal,56.23,Active
295,Haze,824-547-8488,334 Eliot Trail,hmcguff86@businesswire.com,931-876-7169,PayPal,23.41,Closed
296,Lauritz,827-294-8344,83491 Laurel Park,lmakeswell87@altervista.org,269-118-4041,PayPal,96.20,Pending
297,Tatum,666-875-2428,9458 Melvin Hill,tcolton88@odnoklassniki.ru,926-391-3070,Debit Card,16.15,Inactive
298,Fonz,492-491-8146,05766 Cambridge Center,fbrittoner89@independent.co.uk,602-152-5747,Credit Card,,Closed
299,Ardine,407-594-5202,51 Ronald Regan Alley,asheffield8a@ucsd.edu,296-938-3652,,83.47,Closed
300,Georgie,413-784-4720,,gdanhel8b@bing.com,508-432-3870,,,Inactive
301,Amerigo,428-213-3570,1245 Del Sol Lane,aveall8c@issuu.com,843-683-3738,Debit Card,19.82,Closed
302,Nicki,715-481-4924,965 Alpine Park,nestoile8d@fastcompany.com,201-454-4681,,,Pending
303,Ewell,821-918-3843,,ephilippe8e@independent.co.uk,133-173-6710,Credit Card,92.75,Closed
304,Leese,271-845-7078,560 Canary Terrace,,586-927-9512,PayPal,38.51,Closed
305,Livia,295-384-5171,808 Kennedy Point,lflaherty8g@smugmug.com,505-676-8711,Debit Card,,Active
306,Sande,313-325-3180,,sswanston8h@smh.com.au,594-736-2883,Credit Card,98.78,Active
307,Giffer,325-880-0213,77 Killdeer Circle,gnorkett8i@seattletimes.com,981-175-7530,Debit Card,30.04,Pending
308,Alanna,465-346-7576,55553 Dexter Parkway,ahornig8j@redcross.org,964-361-8943,Debit Card,69.16,Active
309,Lisle,107-582-1430,,lmcilhone8k@ibm.com,371-833-0067,,34.00,Pending
310,Chantal,399-846-8391,26 Oak Way,chorche8l@twitter.com,257-501-7624,PayPal,78.43,
311,Chester,815-284-7620,7 Golden Leaf Drive,csimionato8m@cnet.com,443-470-5497,,45.41,Inactive
312,Frankie,373-107-5308,21126 Oriole Terrace,,139-796-3093,PayPal,12.06,Active
313,Kassie,621-564-8456,75106 Glacier Hill Drive,ktregear8o@hud.gov,685-616-9988,Debit Card,32.38,Closed
314,Christian,653-637-2572,01278 Bay Pass,ckisbey8p@godaddy.com,744-814-8830,Cash,37.62,Closed
315,Hamel,157-644-5226,,hbernat8q@aboutads.info,576-901-1482,Cash,17.96,Pending
379,Kipp,255-699-9886,0216 Dakota Lane,,296-683-4215,Debit Card,,
316,Brigg,163-398-0927,9 Coleman Avenue,bware8r@aol.com,450-191-7369,PayPal,13.86,Closed
317,Annemarie,900-297-1571,1 Westridge Drive,,677-325-3424,Cash,76.76,Closed
318,Dalila,600-332-4886,87825 Kinsman Point,dritelli8t@networkadvertising.org,947-977-3543,Debit Card,,Active
319,My,451-296-0434,5 Heffernan Junction,mfeeham8u@vinaora.com,801-478-2536,,75.74,Active
320,Sebastien,747-561-5465,7 Springview Point,shearst8v@netlog.com,481-373-0572,Credit Card,33.79,Inactive
321,Nickolas,425-177-7165,900 Dorton Trail,nagronski8w@nbcnews.com,334-461-2748,Debit Card,41.64,Closed
322,Sarah,551-971-1252,9 Thackeray Plaza,swardroper8x@google.nl,379-877-2192,PayPal,,
323,Humberto,337-941-6976,,hbeinisch8y@twitter.com,879-276-3453,PayPal,11.55,Active
324,Erin,235-165-7829,2724 American Ash Place,etoseland8z@abc.net.au,365-718-8752,PayPal,65.95,Inactive
325,Caitrin,847-841-6949,33522 Esker Park,cwestnedge90@si.edu,274-219-8430,Cash,72.62,Pending
326,Edgar,422-807-8124,69826 Sundown Crossing,ebann91@oracle.com,273-917-4386,PayPal,14.05,Closed
327,Caritta,138-236-5967,,cbampkin92@amazon.de,428-868-6978,Debit Card,34.33,Active
328,Earle,856-946-5669,,evance93@columbia.edu,221-451-3111,Credit Card,22.91,Inactive
329,Margette,487-467-9781,67 Village Green Road,mmedforth94@npr.org,227-691-9189,,44.27,
330,Ophelie,557-175-2159,38263 Hooker Alley,,301-311-1409,,38.19,
331,Jermaine,770-613-6119,566 Calypso Park,jgossling96@about.com,507-248-4829,PayPal,29.44,Active
332,Penny,499-926-1894,74 Oriole Road,pwanless97@toplist.cz,937-880-1927,Debit Card,91.12,Inactive
333,Melany,719-701-9400,10 Gina Place,mmudd98@freewebs.com,124-831-3316,Credit Card,,Active
334,Indira,609-258-5750,552 Scoville Way,igiannini99@sun.com,332-748-0268,Debit Card,,Closed
335,Marven,234-165-8435,355 Dahle Crossing,mbohlsen9a@oracle.com,199-176-6199,PayPal,21.07,Pending
336,Mortie,671-190-7296,70184 Loftsgordon Lane,mmaccoughan9b@de.vu,328-493-9063,Credit Card,84.25,Inactive
337,Delora,762-344-5815,,dtidbold9c@theatlantic.com,821-665-4703,PayPal,51.58,Closed
338,Adelle,465-948-4702,02 Manufacturers Way,,668-651-4837,Cash,61.93,Inactive
339,Culver,478-566-7750,6 Del Sol Way,cjewes9e@elegantthemes.com,693-686-6555,PayPal,80.96,Inactive
340,Kinsley,207-140-9511,,kpearton9f@1688.com,161-428-3560,PayPal,15.94,Closed
341,Crista,965-206-0661,51306 Ryan Terrace,ctripp9g@booking.com,554-543-0755,,,
342,Brandyn,834-157-1444,33 Susan Park,bstrongitharm9h@senate.gov,236-283-2181,Cash,97.61,Active
343,Jordana,189-187-7583,,jyashaev9i@prweb.com,481-167-9298,Credit Card,59.58,Pending
344,Maiga,714-934-9135,19844 Maple Point,mbrason9j@wikispaces.com,783-814-2755,Debit Card,67.37,Inactive
345,Ally,790-549-4436,25 Sunbrook Alley,ahusband9k@mediafire.com,919-162-5581,Cash,28.25,Active
346,Erminie,462-342-9070,7603 Lighthouse Bay Parkway,efarry9l@google.cn,875-740-8004,,,Inactive
347,Archibald,926-403-2883,4196 Dwight Center,azoellner9m@parallels.com,607-210-2174,Credit Card,50.95,Closed
348,Madelaine,749-522-0654,299 Gulseth Street,mkuhnt9n@adobe.com,562-796-1640,Credit Card,79.87,Closed
349,Esme,111-211-0071,,egerssam9o@webnode.com,714-588-1388,PayPal,,Closed
350,Waylen,873-453-9463,8 2nd Center,wwillingam9p@weather.com,350-779-3761,PayPal,99.06,Active
351,Cherri,842-961-2353,,cmccrachen9q@networksolutions.com,796-891-4539,PayPal,33.04,Active
352,Imojean,656-299-8115,23516 Fordem Drive,iocarrol9r@umn.edu,778-420-3609,Credit Card,,Closed
353,Julienne,467-407-5976,26847 Riverside Park,jeilhart9s@about.me,645-271-2586,Credit Card,86.28,Inactive
354,Leena,835-887-5646,6396 Jana Way,lsollime9t@naver.com,103-941-9978,Credit Card,19.85,
355,Malina,615-878-7933,40 Heath Crossing,mjantel9u@wp.com,721-822-6992,Debit Card,98.68,Inactive
356,Cammi,618-703-2439,,cpeasegood9v@constantcontact.com,198-827-2002,,57.75,
357,Orella,576-306-7137,1 Washington Place,ovandecastele9w@angelfire.com,229-486-2414,Debit Card,28.07,Pending
358,Lyn,694-448-0181,,llargen9x@nationalgeographic.com,195-499-3546,,59.10,Pending
359,Timmy,539-256-9866,1499 Beilfuss Terrace,tromaines9y@cdbaby.com,335-720-3941,,23.20,Pending
360,Salli,524-440-7011,78341 Gale Hill,sballham9z@github.io,176-990-7574,Credit Card,23.84,Active
361,Seana,188-743-1271,,sbeathema0@pbs.org,857-690-5240,Credit Card,25.04,Inactive
362,Tammi,177-403-6173,64984 Meadow Vale Crossing,trosnaua1@histats.com,462-842-9498,PayPal,89.71,Inactive
363,Fianna,887-596-4482,,ftrynora2@chron.com,870-856-8397,Credit Card,40.70,Inactive
364,Audi,850-871-2849,,afaroa3@slate.com,517-370-4046,Credit Card,33.03,Active
365,Ellette,498-707-6771,92139 Del Mar Point,epenyltona4@forbes.com,187-361-4987,Credit Card,39.57,Inactive
366,Olympie,485-720-6422,,olochrana5@mac.com,880-338-9333,Cash,85.28,Inactive
367,Sonnie,765-773-2653,416 Garrison Junction,sshelleya6@discovery.com,602-661-7508,Cash,14.30,Pending
368,Dicky,944-714-0284,,ddaubneya7@wikia.com,738-581-9328,Credit Card,,Closed
369,Babbie,631-722-5065,05 Nancy Court,bgrigorieva8@house.gov,227-916-2518,PayPal,,Active
370,Bradan,702-398-9021,15 Comanche Terrace,bizchakia9@sina.com.cn,752-766-0769,PayPal,,Pending
371,Stephana,429-991-5926,5518 Upham Drive,spriddieaa@friendfeed.com,988-559-3110,PayPal,90.98,Active
372,Pryce,615-120-0393,8894 Calypso Street,pilyuchyovab@free.fr,720-890-8347,Cash,38.67,Closed
373,Freedman,311-883-9037,5 Lien Alley,fspellesyac@cmu.edu,693-752-7266,PayPal,78.29,Pending
374,Aurlie,669-763-2382,921 Petterle Lane,apetheridgead@quantcast.com,118-402-9598,Credit Card,,Active
375,Cammie,108-495-4227,,cedscerae@purevolume.com,667-666-3583,Debit Card,32.28,
376,Noah,282-115-4244,25073 Golf Avenue,njaszczakaf@bravesites.com,450-624-9439,Debit Card,35.89,
377,Deva,494-715-9521,3 Brown Parkway,dkenwynag@blogger.com,881-381-6406,Cash,93.47,Closed
378,Lorita,837-194-0588,35 Fremont Pass,lenderleinah@usatoday.com,561-462-5992,Credit Card,66.92,Pending
380,Edie,688-789-1294,632 Eggendart Junction,ecrellimaj@yahoo.co.jp,915-911-3770,Credit Card,62.01,Inactive
381,Viki,203-203-3447,3129 Esch Crossing,vsapsonak@google.com.br,851-316-7934,Cash,59.53,Closed
382,Joshia,905-719-7418,43600 Hudson Hill,jgreetal@plala.or.jp,606-751-2550,Cash,15.76,Active
383,Alphard,355-803-8300,,akarczinskiam@forbes.com,534-829-7881,Credit Card,80.73,Inactive
384,Patrica,601-179-2387,9 Michigan Plaza,ppaszekan@yale.edu,816-171-7510,,34.47,Closed
385,Melantha,825-997-5205,,mgirkao@xinhuanet.com,717-934-7377,Debit Card,86.30,Inactive
386,Kirk,662-981-2676,7 Dunning Alley,kvaadelandap@upenn.edu,318-254-4717,Credit Card,,
387,Elihu,717-519-7382,8 Springview Lane,emancktelowaq@gov.uk,681-901-3117,Debit Card,97.55,Pending
388,Fin,442-125-0540,0 Rigney Street,froyansar@google.co.jp,274-442-4294,Debit Card,47.78,Inactive
389,Shalna,138-723-1678,98 Hooker Junction,sdietzleras@state.tx.us,173-302-3845,PayPal,36.44,
390,Sergeant,205-734-3266,,sshevellat@xinhuanet.com,734-418-5568,Credit Card,44.00,Active
391,Sheelah,710-539-1727,04835 Red Cloud Parkway,sbrookesau@ask.com,587-384-2865,Credit Card,21.59,Closed
392,Elna,162-485-0760,5 Becker Point,emeininkingav@timesonline.co.uk,305-396-6566,PayPal,,Closed
393,Merilee,296-428-0092,7758 Arapahoe Plaza,msmalingaw@eepurl.com,876-943-0274,PayPal,68.54,Closed
394,Arman,483-869-7539,75276 David Parkway,auzzellax@ox.ac.uk,545-678-6124,Debit Card,88.04,Active
395,Janek,226-693-8076,1 Graedel Terrace,jtomensonay@tmall.com,508-152-8935,Credit Card,,Closed
396,Toinette,317-463-5100,,tfarbraceaz@e-recht24.de,282-524-6862,PayPal,,
397,Meyer,575-191-2189,901 Ridge Oak Hill,mfeatherbieb0@disqus.com,801-501-0126,PayPal,70.50,Inactive
398,Hortensia,561-103-1685,437 School Junction,hveryb1@columbia.edu,769-183-7331,Cash,48.31,Pending
399,Doti,601-841-5278,88 Hauk Point,ddelafieldb2@jiathis.com,534-385-2234,Cash,62.31,
400,Bobbie,667-930-4822,37 Barnett Parkway,bpomroyb3@dropbox.com,910-275-8025,Credit Card,18.71,Pending
401,Othello,871-402-2895,,ojerschkeb4@lulu.com,363-843-3088,PayPal,,Closed
402,Sib,261-321-1368,7579 Claremont Crossing,sdoneganb5@indiatimes.com,361-525-9608,PayPal,24.64,Pending
403,Cletus,895-374-4675,21017 Anzinger Pass,cferruccib6@bandcamp.com,820-742-3605,Cash,35.69,Inactive
404,Way,614-487-3276,,wsteersb7@nationalgeographic.com,957-214-7333,Debit Card,29.90,Pending
405,Donica,712-736-8051,45256 Waubesa Crossing,debourneb8@gmpg.org,210-253-9525,Credit Card,17.91,Closed
406,Malory,540-352-4834,5 Boyd Crossing,mairetonb9@simplemachines.org,453-127-2074,Credit Card,70.06,Closed
407,Adham,928-778-1450,,aduckwithba@census.gov,573-174-7931,PayPal,18.15,Inactive
408,Cherry,117-961-1596,15 Troy Center,cjentgesbb@nationalgeographic.com,441-523-3390,Cash,33.79,
409,Vinny,288-406-2893,2 Rockefeller Point,vboyackbc@angelfire.com,272-990-5403,Credit Card,50.30,Pending
410,Lennie,880-572-6823,,lollettbd@xinhuanet.com,902-782-2041,Credit Card,,Pending
411,Alfie,481-175-0992,,ademetrbe@51.la,646-114-6831,Cash,52.64,
412,Lynne,830-540-6986,38777 Heath Center,lpiriebf@canalblog.com,930-277-4482,PayPal,21.24,Inactive
413,Barbra,147-773-8532,,banglimbg@typepad.com,371-998-4122,PayPal,62.11,Pending
414,Pasquale,985-216-0164,,pbridgewaterbh@imdb.com,431-121-6226,,72.90,Inactive
415,Ekaterina,911-608-1469,9575 Twin Pines Terrace,ebucktroutbi@cafepress.com,235-691-2316,Credit Card,52.58,Closed
416,Letti,393-335-1294,45661 Northwestern Circle,lmonkemanbj@cdc.gov,513-332-4160,Cash,95.39,Closed
417,Linette,523-169-0084,993 Springview Terrace,llegenbk@digg.com,716-990-3034,Credit Card,,Pending
418,Shanon,603-346-0539,9 Riverside Terrace,smacgilfoylebl@unc.edu,514-390-8846,Cash,69.85,Active
419,Jonathan,669-315-3505,24438 West Lane,jgheeraertbm@liveinternet.ru,963-795-2870,Credit Card,,Inactive
420,Verne,701-128-2440,,vfeldbaubn@businesswire.com,309-514-0286,Debit Card,70.99,Active
421,Bette-ann,254-295-9934,,byesipovbo@fema.gov,129-418-9864,PayPal,44.50,Closed
422,Lyndel,727-558-5072,176 Springview Pass,lbambrughbp@earthlink.net,749-204-1370,PayPal,90.72,Inactive
423,Muffin,617-664-2396,7188 Hovde Plaza,melacoatebq@ameblo.jp,323-875-3074,PayPal,,Pending
424,Lynnell,407-753-4660,91 Fair Oaks Crossing,lizhakovbr@irs.gov,963-546-7380,Debit Card,,
425,Wini,430-808-1970,37635 Fallview Junction,wtippertonbs@wikispaces.com,186-413-9576,Debit Card,42.94,
426,Wilie,984-397-2453,858 Coolidge Court,wgrzegorzewiczbt@moonfruit.com,124-793-6717,,,Inactive
427,Stuart,936-298-5552,,sleaskbu@gizmodo.com,425-239-6371,Credit Card,31.89,Inactive
428,Rafi,674-676-8182,4 5th Road,rcheeversbv@webnode.com,187-372-3312,Cash,49.84,Closed
429,Zandra,304-458-7488,8 Oxford Way,znorebw@freewebs.com,930-776-6719,Credit Card,64.87,Pending
430,Cris,661-839-6931,55156 Utah Terrace,cfairbrotherbx@statcounter.com,880-255-2066,Debit Card,85.57,Pending
431,Mariam,485-882-2582,,mkoptaby@ed.gov,761-418-5549,Cash,95.44,
432,Bernardina,212-263-6598,9 Coolidge Parkway,bfinnbz@lycos.com,912-768-8291,Cash,82.14,Active
433,Charlie,476-663-4678,7 Truax Terrace,cwickiec0@netlog.com,825-739-6964,Cash,70.97,Closed
434,Annemarie,309-199-1313,54854 Lawn Trail,acolisbec1@diigo.com,705-588-0531,PayPal,44.39,Inactive
435,Tadeo,546-701-6191,,tfolkertsc2@feedburner.com,923-648-3066,Debit Card,30.24,Active
436,Alisha,112-674-8444,010 Forest Run Parkway,ahanscombc3@sciencedaily.com,273-544-8188,,33.04,Pending
437,Kelsey,400-700-0192,8 Pierstorff Road,kblanninc4@google.cn,973-269-2021,,70.07,Closed
438,Danica,405-741-2989,,dskeinc5@live.com,665-271-1406,,87.35,Pending
439,Grove,597-126-0846,62288 Barnett Crossing,gmcconwayc6@bandcamp.com,452-302-9176,Cash,,Pending
440,Gabbey,177-631-5198,6322 Stoughton Crossing,groxburchc7@goo.gl,679-924-8348,Credit Card,84.97,Active
441,Cherye,670-529-7635,4 Melvin Avenue,cseemanc8@intel.com,874-880-1041,Debit Card,28.63,Closed
442,Melvyn,294-287-9657,5764 Mccormick Court,mjurischc9@businesswire.com,118-284-9630,Credit Card,55.67,Closed
443,Kimberly,130-276-5898,7 Kennedy Court,kbuncomca@yellowpages.com,875-161-3326,PayPal,,Active
444,Rudiger,979-550-1999,,rquarlescb@nhs.uk,156-692-0377,Cash,78.10,Inactive
445,Raddy,294-502-6579,945 Namekagon Center,rhagguscc@bing.com,422-574-3600,Debit Card,16.41,Active
446,Ker,877-295-9134,1 Badeau Terrace,kbummfreycd@nyu.edu,467-911-7038,PayPal,78.00,
447,Genevieve,712-820-4096,,gverissimoce@businessinsider.com,654-373-5875,,39.90,Pending
448,Kimmie,107-832-5150,71 Crowley Way,kwensleycf@stanford.edu,689-232-6224,PayPal,59.03,Closed
449,Mel,660-599-2661,4 Eagle Crest Street,mmogenotcg@hhs.gov,943-876-9660,Cash,17.36,Pending
450,Abe,769-974-8934,049 Forest Dale Way,apennycookch@live.com,269-585-0281,Debit Card,58.21,Active
451,Lodovico,396-687-2871,,lgaddci@harvard.edu,880-718-1515,PayPal,23.08,Active
452,Marillin,544-984-1960,2247 Mandrake Junction,mslinecj@altervista.org,403-238-1348,Cash,26.76,Active
453,Hanan,329-328-2725,,hagiusck@google.it,330-386-2676,Debit Card,13.92,Active
454,Shaun,869-350-6275,,smackartancl@eepurl.com,804-710-5392,PayPal,,
455,Eben,883-137-6853,5014 Manufacturers Center,ereefcm@loc.gov,462-831-9478,Cash,62.16,Inactive
456,Merrily,996-514-5651,5 Fremont Plaza,mjunescn@washington.edu,367-519-5019,Credit Card,14.66,Active
457,Gil,377-297-7409,67628 Melvin Trail,gbundeyco@boston.com,298-221-9431,PayPal,28.44,Inactive
458,Dorry,634-623-7147,9322 Johnson Way,ddjokiccp@gmpg.org,553-168-2619,PayPal,,Inactive
459,Kelby,967-585-0534,3 Fairview Way,krapseycq@apache.org,758-560-7812,Cash,58.31,Active
460,Marissa,239-980-8795,,mtourscr@com.com,221-645-8652,Debit Card,,Closed
461,Lucretia,349-213-0654,8 Porter Circle,lgynnics@sun.com,193-161-2077,Cash,34.73,Closed
462,Genovera,253-699-6334,007 Debs Parkway,gduxfieldct@hao123.com,125-499-8510,Debit Card,78.99,Closed
463,Miguelita,331-471-7915,,meblecu@last.fm,811-960-2043,Cash,25.55,Inactive
464,Jannelle,486-810-4903,,jtourcv@usnews.com,288-909-4732,Debit Card,18.37,Active
465,Isac,268-168-4190,2649 Onsgard Court,imackisoncw@prweb.com,639-944-0819,Credit Card,,Pending
466,Edy,932-476-4731,262 Maple Wood Drive,eclubbecx@smugmug.com,570-471-3306,Credit Card,78.87,Inactive
467,Max,993-472-7821,34 Butternut Circle,mzottolicy@hhs.gov,146-786-4801,PayPal,,Inactive
468,Nollie,826-745-0404,7724 Sherman Crossing,nedmeadescz@techcrunch.com,943-842-8443,Credit Card,55.98,Closed
469,Heather,457-711-1679,79 Carpenter Lane,hphateplaced0@google.ca,438-922-1315,Cash,56.68,
470,Raynard,768-547-3771,1 Harper Way,rwordingtond1@flavors.me,745-429-3387,Cash,52.66,Closed
471,Vikky,653-537-3273,2199 Nova Trail,vredhoused2@51.la,860-283-0609,Credit Card,98.44,
472,Olympie,103-193-5857,7754 Golf Course Court,obarabichd3@paypal.com,579-356-8889,Credit Card,29.55,Inactive
473,Sabra,911-710-6763,33505 Knutson Park,sposerd4@imageshack.us,712-866-7171,Cash,67.58,Closed
474,Melisande,944-485-5000,9927 Ronald Regan Pass,,846-556-0506,Debit Card,93.83,Active
475,Harv,117-684-2554,47876 Nevada Point,hvalerid6@bbc.co.uk,426-254-4486,PayPal,81.63,Closed
476,Pepe,808-620-4097,,pkinnockd7@dagondesign.com,715-936-1915,Credit Card,28.21,Pending
477,Ethyl,481-527-1804,,eaggusd8@bbc.co.uk,569-269-6912,Cash,71.89,Closed
478,Elisabeth,193-677-2515,,esikorskyd9@answers.com,944-689-7201,Debit Card,45.54,Active
479,Irwinn,514-489-1493,930 Katie Terrace,icrosterda@sohu.com,231-917-1724,PayPal,40.33,Inactive
480,Burke,939-566-5162,858 Hudson Road,bdarrigoedb@amazon.de,788-288-6292,Debit Card,,Closed
481,Rene,549-495-2940,,rgosdendc@jugem.jp,993-761-6982,Cash,18.87,Closed
482,Matthieu,502-428-0820,,mmckeggiedd@eepurl.com,842-629-0266,PayPal,65.99,Inactive
483,Sigfrid,431-984-5133,71 Emmet Alley,sfaustiande@behance.net,337-441-9785,PayPal,83.29,Closed
484,Terrill,583-401-9030,,thardypiggindf@hexun.com,356-721-2007,PayPal,91.36,Active
485,Maxim,497-173-9625,9 Russell Point,mbraunsteindg@constantcontact.com,299-712-8743,,,Active
486,Maddie,355-616-2123,73490 Burrows Road,mswanndh@epa.gov,683-839-0999,Credit Card,,Pending
487,Redford,214-206-7010,64962 Havey Crossing,rfelcedi@accuweather.com,400-424-2708,Cash,,Active
488,Lana,960-464-2136,88390 Browning Avenue,llamersdj@phpbb.com,158-254-0040,Debit Card,60.74,Pending
489,Muffin,723-544-0012,1 Huxley Place,mfeigedk@dedecms.com,480-562-4309,Credit Card,94.29,Active
490,Leigha,417-393-4606,48256 Village Green Junction,lferrydl@google.ca,972-646-1066,Debit Card,76.27,Pending
491,Nichole,336-648-1721,8 Lakewood Gardens Center,nmoodiedm@mayoclinic.com,926-972-5025,Debit Card,28.09,
492,Leontyne,109-404-4150,1157 Sunfield Trail,lpassiondn@cnet.com,545-198-6410,Debit Card,36.09,Closed
493,Calv,999-184-5265,50896 Monterey Drive,cdonativodo@constantcontact.com,445-806-2490,PayPal,,Inactive
494,Ahmad,818-364-2123,1260 Lotheville Crossing,aglasnerdp@exblog.jp,329-442-3083,Credit Card,57.36,Closed
495,Mehetabel,325-306-7203,21792 Tennyson Alley,mdaneletdq@paginegialle.it,108-966-0183,Credit Card,23.70,Closed
496,Chev,132-782-0636,622 Katie Point,cgarvandr@cbsnews.com,303-950-5215,Cash,38.46,Active
497,Rancell,951-580-8368,27473 Prentice Pass,rbrendelds@eventbrite.com,352-339-8013,Debit Card,10.67,Inactive
498,Gretna,575-129-0360,075 Drewry Hill,gdurbindt@timesonline.co.uk,689-231-6101,PayPal,92.32,Active
499,Sharline,246-609-0690,9 Jana Way,salvisdu@eepurl.com,979-406-5499,Credit Card,82.28,Inactive
500,Rozele,417-746-1410,9 Troy Plaza,rpercydv@odnoklassniki.ru,135-150-4956,Credit Card,,Active
