paymentid,orderid,paymentmethod,paymentdate,amount,status,confirmationnumber
1,1,Credit Card,2014-11-24,23325.56,Refunded,15869
2,2,Debit Card,2018-09-29,8892.83,Completed,19923
3,3,Bank Transfer,2005-10-16,15034.19,Refunded,64319
4,4,Bank Transfer,2015-06-20,2033.37,Pending,43617
5,5,Bank Transfer,2020-09-09,74926.70,Completed,47511
6,6,Debit Card,2006-07-23,86874.97,Completed,99916
7,7,Bank Transfer,2005-05-27,72481.57,Completed,5532
8,8,PayPal,2017-07-12,55677.50,Completed,46839
9,9,Debit Card,2011-03-15,75942.34,Completed,59841
10,10,Debit Card,2022-10-14,58973.51,Refunded,52296
11,11,PayPal,2015-09-13,35865.60,Refunded,27272
12,12,Bank Transfer,2022-01-21,21078.14,Failed,81615
13,13,Debit Card,2006-12-09,63057.66,Completed,50216
14,14,Bank Transfer,2003-08-18,30443.58,Failed,668
15,15,PayPal,2012-12-20,69483.20,Completed,50727
16,16,Bank Transfer,2021-04-16,34773.65,Pending,97502
17,17,Credit Card,2003-03-27,47070.42,Pending,43397
18,18,PayPal,2003-03-29,37844.85,Pending,50142
19,19,Debit Card,2013-05-27,25408.13,Failed,48767
20,20,PayPal,2001-04-15,95662.74,Refunded,31137
21,21,Debit Card,2005-02-23,9648.18,Refunded,17780
22,22,Debit Card,2006-03-24,12290.97,Failed,21072
23,23,Credit Card,2014-12-25,38076.99,Completed,8225
24,24,Debit Card,2013-06-25,69793.42,Refunded,41083
25,25,Debit Card,2007-04-05,69771.25,Failed,74742
26,26,Credit Card,2015-01-17,98322.03,Failed,36583
27,27,Credit Card,2017-11-23,47032.15,Completed,25762
28,28,PayPal,2014-01-20,30784.30,Pending,2803
29,29,Debit Card,2010-06-15,27122.29,Pending,1215
30,30,Credit Card,2005-07-05,41649.83,Refunded,59113
31,31,Debit Card,2010-02-07,69344.20,Refunded,48001
32,32,Credit Card,2014-09-19,12426.32,Pending,21631
33,33,Credit Card,2002-08-17,14446.98,Refunded,30406
34,34,PayPal,2007-12-27,95107.67,Refunded,65279
35,35,Bank Transfer,2012-08-29,54984.76,Pending,97541
36,36,Credit Card,2008-02-17,27277.68,Pending,3808
37,37,PayPal,2016-01-06,65897.56,Refunded,1271
38,38,Bank Transfer,2022-05-28,67636.41,Pending,22189
39,39,PayPal,2006-11-19,42719.45,Completed,2446
40,40,Debit Card,2021-06-30,38624.75,Pending,37992
41,41,PayPal,2006-05-22,66143.03,Failed,68579
42,42,PayPal,2005-10-07,33598.63,Refunded,14683
43,43,PayPal,2021-04-04,99761.19,Refunded,40490
44,44,PayPal,2000-05-26,21720.95,Failed,40379
45,45,Debit Card,2021-11-21,77879.00,Failed,63391
46,46,Credit Card,2012-03-19,98913.61,Refunded,92660
47,47,PayPal,2009-11-29,11092.55,Failed,56509
48,48,Bank Transfer,2019-05-29,3103.09,Failed,93771
49,49,Debit Card,2005-07-01,9314.36,Pending,31223
50,50,PayPal,2010-11-04,85897.47,Failed,91543
51,51,Credit Card,2012-10-11,15391.40,Pending,78878
52,52,Credit Card,2000-10-11,48397.02,Refunded,10531
53,53,Debit Card,2001-08-23,20943.56,Refunded,20917
54,54,Credit Card,2020-07-27,41194.41,Completed,47904
55,55,PayPal,2022-03-17,15890.52,Failed,99536
56,56,Debit Card,2007-08-13,81043.03,Failed,99596
57,57,PayPal,2003-12-08,306.00,Completed,13276
58,58,PayPal,2006-08-01,44063.57,Pending,37476
59,59,Debit Card,2002-01-26,24808.19,Refunded,73292
60,60,Debit Card,2016-07-23,16964.87,Completed,30966
61,61,Debit Card,2008-01-17,40536.43,Completed,39717
62,62,Bank Transfer,2004-03-26,69063.78,Completed,25484
63,63,Bank Transfer,2005-06-28,86189.28,Failed,2187
64,64,Credit Card,2002-11-13,76393.71,Completed,58691
65,65,Bank Transfer,2000-10-14,25946.24,Pending,48671
66,66,Bank Transfer,2020-12-08,66242.16,Completed,4938
67,67,PayPal,2000-12-26,74135.78,Failed,42621
68,68,Credit Card,2009-09-17,43974.56,Refunded,93704
69,69,PayPal,2009-10-29,16725.19,Pending,82552
70,70,Bank Transfer,2014-09-24,13347.41,Pending,84708
71,71,Debit Card,2019-11-09,31067.40,Refunded,16398
72,72,Credit Card,2022-06-12,63145.07,Pending,38217
73,73,Debit Card,2007-07-14,84813.81,Failed,83488
74,74,Bank Transfer,2011-12-19,77895.89,Completed,94301
75,75,PayPal,2022-11-06,6320.89,Refunded,49429
76,76,Bank Transfer,2002-07-13,71622.31,Completed,38605
77,77,PayPal,2015-05-22,57235.46,Failed,11430
78,78,PayPal,2005-01-31,67805.18,Refunded,33254
79,79,PayPal,2002-09-19,15227.99,Refunded,96397
80,80,Credit Card,2020-11-20,39363.13,Pending,31446
81,81,Debit Card,2005-11-25,78466.23,Pending,81967
82,82,PayPal,2003-10-18,11026.57,Failed,99462
83,83,Bank Transfer,2010-03-21,62240.27,Completed,14945
84,84,Bank Transfer,2018-05-04,73125.39,Pending,84901
85,85,Credit Card,2022-01-20,72398.80,Failed,92596
86,86,Credit Card,2013-11-22,33941.90,Pending,77991
87,87,Credit Card,2006-05-22,97661.00,Completed,54536
88,88,Bank Transfer,2018-02-02,85347.71,Refunded,70700
89,89,Debit Card,2018-01-13,93459.16,Completed,89668
90,90,Debit Card,2002-07-03,14178.54,Pending,87415
91,91,Debit Card,2002-04-29,81547.69,Completed,10699
92,92,Debit Card,2021-12-29,19657.16,Pending,48528
93,93,Credit Card,2007-05-15,16494.93,Failed,19424
94,94,PayPal,2020-03-04,31236.64,Refunded,44340
95,95,Credit Card,2011-10-26,34646.54,Completed,83607
96,96,PayPal,2015-11-24,32630.41,Pending,71474
97,97,Debit Card,2015-11-11,70478.21,Failed,22315
98,98,Bank Transfer,2021-08-18,23804.63,Completed,40932
99,99,Credit Card,2005-08-09,65838.33,Completed,98394
100,100,Bank Transfer,2012-05-28,64653.65,Completed,88922
