orderid,supplierid,orderdate,totalamount,status,paymentmethod,paymentstatus,expecteddeliverydate,actualdeliverydate,comments
1,4,2022-05-02,199315.00,Delivered,Debit Card,Partially Paid,2003-01-20,2007-05-17,justo morbi
2,7,2006-02-08,183836.00,Delivered,Cash,Overdue,2012-07-05,2012-05-12,nisl nunc
3,2,2020-04-09,6767.00,Delivered,Bank Transfer,Partially Paid,2003-08-26,2005-11-12,libero nam dui
4,3,2005-03-17,43116.00,Shipped,PayPal,Paid,2020-05-02,2004-12-26,pede malesuada in imperdiet
5,5,2015-06-19,46782.00,Processing,,Paid,2022-08-30,2007-09-26,nunc donec
6,2,2018-05-18,157603.00,Shipped,PayPal,Paid,2013-08-15,2017-08-13,ac nibh
7,5,2010-07-26,93166.00,Cancelled,Bank Transfer,Paid,2022-08-24,2009-02-08,et ultrices posuere
8,4,2014-07-26,61416.00,Processing,Bank Transfer,Partially Paid,2001-08-23,2006-10-06,in quam
9,2,2021-03-01,159188.00,Processing,Debit Card,Paid,2019-09-13,2009-03-27,sapien ut nunc vestibulum
10,6,2017-10-22,135038.00,Cancelled,Cash,Overdue,2001-02-05,2019-11-20,amet eros suspendisse
11,4,2003-02-04,62822.00,Shipped,Bank Transfer,Paid,2011-05-16,2001-10-16,vulputate nonummy maecenas
12,8,2012-11-12,94536.00,Pending,Credit Card,Unpaid,2006-11-12,2006-04-05,tellus nisi eu
13,3,2020-12-15,145071.00,Pending,PayPal,Overdue,2003-05-19,2015-10-10,suspendisse potenti in eleifend
14,1,2001-07-14,165506.00,Processing,Debit Card,Partially Paid,2000-01-18,2012-07-07,primis in
15,3,2020-06-11,151198.00,Delivered,Credit Card,Unpaid,2009-09-05,2016-02-14,lacinia eget
16,6,2012-06-11,121927.00,Processing,Debit Card,Overdue,2007-01-15,2021-01-18,id mauris vulputate
17,9,2003-12-01,83256.00,Pending,PayPal,Paid,2007-04-26,2022-11-29,volutpat quam pede lobortis
18,6,2004-06-30,117054.00,Shipped,Debit Card,Partially Paid,2015-06-15,2005-10-15,vitae consectetuer eget
19,5,2014-01-30,37086.00,Cancelled,Cash,Overdue,2010-02-02,2019-12-21,ut nunc vestibulum ante
20,8,2003-05-07,156582.00,Shipped,Debit Card,Partially Paid,2015-07-23,2019-06-22,accumsan felis
21,5,2019-10-03,159734.00,Delivered,Bank Transfer,Partially Paid,2018-05-16,2011-06-13,tempus vivamus in felis
22,6,2004-04-14,186861.00,Shipped,,Unpaid,2019-07-04,2006-03-11,quis orci eget orci
23,6,2010-10-01,24834.00,Processing,Debit Card,Paid,2017-05-05,2002-11-27,tellus semper interdum mauris
24,2,2007-03-02,191105.00,Cancelled,PayPal,Overdue,2021-07-15,2007-01-13,adipiscing lorem
25,7,2011-07-04,72343.00,Shipped,Bank Transfer,Unpaid,2019-01-15,2007-03-12,quis turpis sed
26,6,2018-12-26,155535.00,Shipped,Debit Card,Unpaid,2012-01-03,2010-09-14,donec posuere metus
27,10,2020-07-26,122280.00,Pending,PayPal,Overdue,2005-09-21,2005-01-05,ante ipsum
28,9,2007-08-08,130867.00,Pending,Bank Transfer,Unpaid,2002-10-13,2019-05-20,sagittis dui vel nisl
29,6,2007-09-03,48672.00,Processing,Credit Card,Partially Paid,2011-01-30,2007-03-08,ultrices posuere cubilia
30,9,2000-11-21,139240.00,Shipped,Credit Card,Overdue,2009-09-15,2011-11-05,consequat morbi
31,7,2000-09-04,99226.00,Delivered,,Unpaid,2016-07-31,2002-08-10,nullam sit amet
32,1,2001-08-13,26402.00,Delivered,,Unpaid,2007-03-22,2001-12-13,turpis eget elit
33,8,2005-12-25,131461.00,Shipped,,Overdue,2014-12-11,2014-12-14,consequat dui
34,6,2014-05-16,40312.00,Cancelled,Debit Card,Unpaid,2011-08-30,2008-06-04,erat curabitur gravida nisi
35,2,2001-08-01,142975.00,Cancelled,Bank Transfer,Unpaid,2017-12-10,2019-02-12,penatibus et magnis
36,2,2008-02-10,35310.00,Cancelled,Cash,Partially Paid,2009-07-20,2016-07-08,quis libero nullam
37,4,2013-01-22,79782.00,Pending,Debit Card,Partially Paid,2008-08-06,2010-01-09,id pretium iaculis diam
38,7,2003-08-03,96188.00,Delivered,Bank Transfer,Overdue,2020-12-18,2015-06-21,mattis nibh ligula
39,5,2004-03-30,59214.00,Pending,Debit Card,Partially Paid,2017-08-09,2001-02-05,sed accumsan
40,8,2002-10-19,148104.00,Processing,Credit Card,Unpaid,2010-01-20,2018-02-03,bibendum imperdiet
41,9,2008-05-09,116487.00,Processing,PayPal,Paid,2021-09-28,2001-07-20,aenean sit amet
42,3,2021-07-08,100879.00,Pending,Cash,Unpaid,2014-05-16,2018-09-27,leo rhoncus sed vestibulum
43,2,2017-09-16,167282.00,Cancelled,PayPal,Overdue,2003-10-20,2006-07-19,fusce congue diam
44,10,2009-01-02,55596.00,Cancelled,Debit Card,Paid,2002-07-25,2022-04-29,id consequat
45,7,2021-05-29,28559.00,Processing,Cash,Overdue,2015-03-29,2001-04-29,orci mauris lacinia
46,4,2000-10-08,196421.00,Processing,PayPal,Overdue,2006-10-21,2006-10-30,nulla tempus vivamus in
47,8,2012-11-13,140782.00,Delivered,Cash,Paid,2014-12-16,2014-04-17,aenean lectus pellentesque
48,5,2019-01-14,73006.00,Pending,Bank Transfer,Paid,2013-09-26,2016-01-25,ornare consequat lectus in
49,1,2016-11-16,83688.00,Pending,Cash,Partially Paid,2008-09-17,2010-04-13,nisl duis
50,3,2002-05-16,129601.00,Cancelled,Bank Transfer,Overdue,2019-11-15,,at nunc commodo placerat
51,5,2008-11-17,109740.00,Cancelled,PayPal,Unpaid,2022-08-09,2009-03-07,faucibus orci
52,4,2002-04-18,119748.00,Shipped,Bank Transfer,Overdue,2011-01-04,2000-06-02,lobortis convallis tortor
53,7,2007-02-07,97077.00,Cancelled,PayPal,Overdue,2020-01-19,2000-03-18,dolor morbi
54,9,2007-08-25,119884.00,Processing,,Overdue,2003-08-08,2007-02-15,nec nisi
55,6,2017-02-08,5217.00,Processing,,Partially Paid,2002-09-26,2021-10-01,pulvinar lobortis est
56,9,2013-11-04,119795.00,Delivered,PayPal,Unpaid,2018-06-11,2004-12-25,cras non velit nec
57,6,2020-07-25,168614.00,Shipped,,Partially Paid,2022-09-12,2015-01-22,sem duis
58,1,2009-05-25,72799.00,Processing,Cash,Partially Paid,2021-10-10,2014-06-27,pede justo
59,1,2005-07-24,113097.00,Processing,Debit Card,Partially Paid,2020-04-12,2022-03-21,donec odio
60,3,2012-07-27,105907.00,Processing,Cash,Partially Paid,2000-08-21,2002-05-06,nullam sit
61,10,2018-10-13,88557.00,Pending,,Unpaid,2019-01-09,2019-05-29,primis in faucibus
62,8,2003-03-09,125310.00,Shipped,Debit Card,Partially Paid,2014-03-16,2019-10-02,pretium iaculis justo
63,6,2020-05-01,18974.00,Processing,Cash,Unpaid,2014-09-30,2000-11-09,
64,10,2009-08-19,39212.00,Delivered,Bank Transfer,Partially Paid,2011-02-18,,sodales scelerisque mauris
65,3,2013-09-07,116816.00,Delivered,PayPal,Overdue,2001-12-24,2017-10-27,dapibus nulla suscipit ligula
66,4,2015-06-15,119065.00,Shipped,Bank Transfer,Partially Paid,2007-08-13,2018-10-09,lacus at turpis donec
67,10,2019-04-02,76408.00,Delivered,Credit Card,Overdue,2013-05-14,2012-01-29,non interdum in
68,7,2022-07-15,70613.00,Pending,Bank Transfer,Paid,2001-08-23,2015-05-15,morbi non lectus aliquam
69,2,2013-04-04,38035.00,Pending,Credit Card,Partially Paid,2001-12-08,2007-05-02,quam a
70,5,2010-12-10,22618.00,Delivered,,Unpaid,2021-01-12,2016-01-20,vestibulum ante
71,1,2011-04-02,80822.00,Shipped,Debit Card,Paid,2014-07-29,2012-04-11,venenatis turpis
72,3,2001-10-09,81281.00,Shipped,Bank Transfer,Partially Paid,2002-10-26,2019-10-12,ante ipsum
73,10,2002-08-25,102658.00,Shipped,Cash,Paid,2015-08-04,2004-12-02,nulla pede ullamcorper augue
74,6,2019-10-30,95715.00,Shipped,Debit Card,Partially Paid,2003-08-07,2015-05-12,nulla suscipit
75,5,2011-07-20,94119.00,Delivered,Bank Transfer,Partially Paid,2006-05-09,2014-01-31,nunc purus phasellus
76,4,2003-01-15,86863.00,Pending,Cash,Overdue,2001-02-27,2019-08-01,orci luctus et
77,8,2004-09-03,23032.00,Shipped,Bank Transfer,Partially Paid,2013-11-23,2006-12-16,tellus nisi eu
78,10,2019-07-29,129563.00,Cancelled,Bank Transfer,Overdue,2014-06-05,2015-04-06,in sagittis
79,6,2001-12-09,199465.00,Delivered,PayPal,Partially Paid,2009-08-03,2013-03-04,nullam porttitor lacus at
80,7,2011-08-13,81356.00,Cancelled,Debit Card,Unpaid,2021-07-27,2017-05-11,elit sodales scelerisque mauris
81,6,2019-07-19,80268.00,Delivered,Bank Transfer,Paid,2007-05-05,2000-10-23,vitae nisl
82,3,2006-11-15,28176.00,Shipped,Credit Card,Paid,2011-02-17,2012-08-30,
83,2,2011-03-18,45087.00,Delivered,Debit Card,Overdue,2013-03-23,2009-02-10,nibh fusce lacus
84,9,2009-12-18,7549.00,Shipped,Cash,Overdue,2012-02-22,2022-06-02,ut erat
85,7,2018-09-19,91650.00,Delivered,Debit Card,Paid,2022-06-29,2019-12-25,rutrum nulla nunc purus
86,10,2020-05-08,87627.00,Cancelled,PayPal,Overdue,2017-02-13,2018-09-03,in tempor turpis nec
87,4,2010-01-07,65164.00,Delivered,,Unpaid,2006-07-13,2009-02-10,dapibus augue
88,2,2005-07-29,157633.00,Processing,PayPal,Partially Paid,2017-11-19,2000-04-18,ac diam
89,4,2011-12-20,3548.00,Processing,Bank Transfer,Unpaid,2016-03-14,2019-01-25,id massa id nisl
90,10,2004-11-07,188505.00,Shipped,Bank Transfer,Unpaid,2005-12-20,2004-01-29,quam a odio in
91,4,2004-07-10,18431.00,Pending,PayPal,Partially Paid,2000-07-05,2005-02-12,at vulputate vitae
92,2,2009-03-08,135071.00,Cancelled,Credit Card,Unpaid,2015-06-21,2017-08-10,id nisl
93,9,2000-05-30,23720.00,Cancelled,Debit Card,Overdue,2022-03-30,2017-11-04,libero ut massa
94,1,2007-06-16,79364.00,Shipped,PayPal,Partially Paid,2022-10-29,2017-09-25,sapien cum sociis natoque
95,4,2004-04-06,12645.00,Cancelled,Cash,Partially Paid,2016-10-25,2007-02-03,congue risus semper
96,4,2022-09-25,189162.00,Pending,Debit Card,Paid,2019-11-15,2020-04-21,ac tellus
97,8,2000-07-07,119162.00,Delivered,Credit Card,Unpaid,2010-08-08,2010-11-25,in tempor turpis
98,9,2001-08-31,104280.00,Processing,Bank Transfer,Overdue,2012-01-29,2014-04-21,suscipit nulla
99,9,2004-08-02,188138.00,Pending,Credit Card,Unpaid,2005-08-17,2018-07-02,molestie hendrerit
100,8,2001-07-25,112076.00,Shipped,Credit Card,Unpaid,2005-12-01,2019-07-14,a nibh in
101,4,2013-10-19,72849.00,Processing,Debit Card,Unpaid,2000-07-31,2005-01-18,morbi ut odio cras
102,9,2000-07-07,43402.00,Delivered,PayPal,Unpaid,2008-09-04,2010-09-20,nam nulla
103,1,2001-12-17,88500.00,Delivered,,Partially Paid,2009-07-11,2003-06-23,pede ullamcorper
104,6,2017-07-30,168839.00,Delivered,PayPal,Paid,2010-04-28,2000-01-10,quisque porta volutpat
105,10,2010-05-17,159024.00,Pending,Cash,Partially Paid,2020-02-10,2005-07-18,augue luctus
106,1,2021-11-13,27119.00,Cancelled,Cash,Unpaid,2007-10-26,2002-02-09,neque sapien
107,2,2001-02-16,37920.00,Shipped,PayPal,Paid,2000-12-19,2020-06-22,augue quam sollicitudin
108,7,2004-05-17,166261.00,Shipped,Bank Transfer,Overdue,2007-05-29,2000-03-01,in hac
109,7,2003-11-02,84526.00,Pending,Credit Card,Unpaid,2002-11-11,2016-04-27,lorem ipsum dolor
110,7,2014-08-15,53399.00,Shipped,Cash,Overdue,2022-05-10,2011-01-03,sapien ut nunc
111,6,2008-04-13,51779.00,Pending,Credit Card,Paid,2017-01-16,2016-04-17,proin at turpis
112,10,2001-11-17,199173.00,Processing,PayPal,Partially Paid,2014-03-09,2013-05-24,at diam nam
113,7,2003-03-10,59218.00,Delivered,Cash,Partially Paid,2016-04-17,2002-07-10,elementum pellentesque quisque
114,4,2002-12-10,75503.00,Cancelled,Cash,Partially Paid,2000-03-22,2010-01-07,ac consequat metus
115,6,2003-02-13,191154.00,Processing,Bank Transfer,Unpaid,2008-09-27,2006-02-07,tempus semper est
116,4,2001-11-28,153028.00,Pending,Bank Transfer,Unpaid,2011-12-17,2004-07-11,lectus in
117,4,2000-11-22,154613.00,Delivered,,Unpaid,2003-03-15,2014-05-11,curabitur gravida nisi at
118,4,2005-06-03,112792.00,Delivered,Cash,Partially Paid,2004-03-17,2001-05-24,molestie sed
119,10,2013-11-29,21044.00,Shipped,Cash,Overdue,2022-11-04,2004-09-26,blandit nam nulla integer
120,3,2011-09-19,163738.00,Shipped,Credit Card,Paid,2004-10-17,2013-12-11,tortor sollicitudin
121,5,2013-08-17,167579.00,Cancelled,,Overdue,2016-02-27,2019-10-05,tincidunt eu felis fusce
122,8,2016-12-11,143337.00,Pending,,Overdue,2018-07-20,2016-01-06,justo pellentesque viverra
123,4,2013-01-29,117670.00,Shipped,Bank Transfer,Paid,2021-05-01,2003-10-08,massa donec dapibus duis
124,8,2002-08-14,174630.00,Pending,PayPal,Overdue,2020-10-09,2020-07-27,suscipit ligula
125,10,2000-04-22,92482.00,Delivered,Credit Card,Paid,2009-12-24,,sem sed sagittis nam
126,2,2010-11-08,154082.00,Shipped,PayPal,Paid,2017-04-07,2008-09-03,vel accumsan tellus nisi
127,1,2021-05-27,164929.00,Pending,Credit Card,Overdue,2006-08-02,2015-03-25,lacus at velit
128,10,2011-02-21,79177.00,Pending,,Paid,2010-09-23,2002-10-21,ac est
129,3,2014-11-22,187234.00,Delivered,Cash,Partially Paid,2017-12-01,2000-04-18,rhoncus dui vel
130,6,2005-08-04,152129.00,Delivered,Credit Card,Overdue,2019-01-19,2002-06-13,cum sociis natoque penatibus
131,7,2002-09-09,198012.00,Cancelled,Cash,Paid,2016-04-07,2001-11-09,ac leo
132,4,2017-11-17,71558.00,Shipped,Credit Card,Unpaid,2021-07-06,2005-11-25,nec dui
133,1,2005-05-03,189367.00,Pending,,Overdue,2002-05-31,2022-03-15,et magnis
134,7,2003-04-12,125644.00,Shipped,Bank Transfer,Overdue,2004-08-27,2010-07-10,
135,3,2013-03-20,18227.00,Delivered,Credit Card,Paid,2020-07-04,2002-09-16,vestibulum ante ipsum
136,5,2012-06-11,175983.00,Delivered,Credit Card,Partially Paid,2016-10-30,2022-08-18,elementum nullam varius
137,8,2005-03-14,158862.00,Delivered,Credit Card,Overdue,2004-06-02,2021-02-06,vitae mattis nibh ligula
138,8,2001-05-28,72876.00,Cancelled,Credit Card,Unpaid,2000-11-26,2010-03-09,vel dapibus at
139,2,2008-08-18,188210.00,Shipped,PayPal,Overdue,2000-06-13,2005-04-05,quis justo maecenas rhoncus
140,8,2021-02-08,52871.00,Shipped,PayPal,Unpaid,2002-01-06,2016-08-17,augue vestibulum
141,4,2002-04-18,189778.00,Processing,Credit Card,Overdue,2009-09-29,2008-01-13,semper porta
142,6,2017-10-08,39652.00,Cancelled,Debit Card,Unpaid,2002-09-08,2002-09-09,libero rutrum ac lobortis
143,1,2021-02-09,9932.00,Cancelled,Cash,Overdue,2005-10-31,2008-02-04,et tempus semper est
144,7,2000-11-15,49410.00,Pending,Credit Card,Partially Paid,2010-04-15,2018-12-19,
145,7,2002-04-19,124317.00,Delivered,Debit Card,Paid,2004-09-16,2015-12-13,ultricies eu nibh
146,5,2007-03-18,94558.00,Pending,PayPal,Partially Paid,2021-07-15,2012-06-12,phasellus sit
147,9,2017-09-24,56757.00,Shipped,Bank Transfer,Partially Paid,2014-04-07,2020-12-13,morbi non quam nec
148,4,2020-07-09,121568.00,Processing,Credit Card,Unpaid,2015-11-06,2012-07-10,nisi nam ultrices
149,4,2014-05-12,189459.00,Delivered,Bank Transfer,Unpaid,2017-12-27,2004-01-11,
150,10,2000-08-30,15479.00,Delivered,Credit Card,Overdue,2002-12-23,2016-02-14,integer aliquet massa
151,7,2006-09-19,124358.00,Delivered,Credit Card,Partially Paid,2007-12-12,2014-09-14,sed augue aliquam
152,2,2019-11-23,171725.00,Shipped,PayPal,Unpaid,2005-05-05,2007-11-04,pretium nisl ut volutpat
153,5,2012-11-03,91839.00,Delivered,Cash,Partially Paid,2005-09-09,2020-11-11,vestibulum rutrum rutrum neque
154,8,2001-09-26,48219.00,Pending,PayPal,Partially Paid,2014-09-20,2020-06-25,lobortis sapien
155,7,2008-03-08,116886.00,Shipped,Debit Card,Partially Paid,2007-09-21,2014-06-25,blandit nam nulla integer
156,7,2019-08-06,43279.00,Processing,Bank Transfer,Overdue,2017-11-04,2010-09-27,in porttitor
157,6,2020-06-28,111379.00,Cancelled,Credit Card,Partially Paid,2001-06-03,2013-01-24,odio condimentum id luctus
158,1,2015-04-14,181998.00,Processing,Cash,Partially Paid,2005-06-06,2004-01-24,elementum eu interdum eu
159,10,2020-12-01,176087.00,Delivered,,Unpaid,2007-01-17,2000-04-22,sapien in
160,2,2000-09-13,82966.00,Cancelled,Bank Transfer,Paid,2008-03-24,2010-03-09,non pretium
161,7,2004-11-11,18924.00,Pending,Cash,Unpaid,2005-11-23,2007-03-19,ante nulla justo aliquam
162,2,2012-04-09,33342.00,Delivered,,Partially Paid,2013-05-10,2009-02-14,in congue etiam
163,4,2003-03-19,96854.00,Cancelled,Credit Card,Partially Paid,2010-03-12,2014-10-22,duis bibendum
164,10,2002-03-21,123709.00,Cancelled,Credit Card,Paid,2011-10-27,2018-09-01,eleifend quam a
165,10,2000-09-10,9415.00,Shipped,Debit Card,Partially Paid,2019-09-04,2003-07-01,vulputate vitae nisl aenean
166,7,2013-06-06,60804.00,Shipped,Credit Card,Partially Paid,2016-05-27,2004-08-13,lorem integer tincidunt
167,7,2018-09-08,660.00,Pending,Debit Card,Unpaid,2015-02-06,2005-07-29,posuere cubilia
168,3,2013-12-25,26464.00,Processing,Cash,Overdue,2012-06-06,2022-11-24,orci pede venenatis non
169,6,2017-12-28,34768.00,Pending,,Partially Paid,2006-09-14,2008-10-07,tristique est et
170,5,2017-06-18,169445.00,Cancelled,Cash,Paid,2002-03-27,2011-12-17,eu nibh quisque id
171,8,2004-12-06,70190.00,Delivered,Debit Card,Paid,2021-09-24,2014-09-17,ante vel ipsum
172,9,2014-08-08,129045.00,Delivered,Cash,Overdue,2014-03-07,2010-02-16,a ipsum integer
173,4,2013-12-10,153673.00,Delivered,Credit Card,Paid,2012-11-28,2009-11-09,consequat ut
174,7,2019-12-02,97548.00,Pending,Cash,Overdue,2013-08-30,2016-07-31,turpis donec posuere metus
175,6,2020-08-22,187889.00,Cancelled,Cash,Paid,2021-12-22,2006-01-28,rutrum nulla nunc
176,7,2013-02-07,157738.00,Pending,Debit Card,Unpaid,2009-12-23,2005-08-02,duis at velit eu
177,2,2007-05-16,61645.00,Cancelled,Bank Transfer,Unpaid,2003-10-25,2002-05-30,duis bibendum
178,8,2012-07-12,11308.00,Cancelled,Cash,Unpaid,2015-12-16,2019-10-12,ut suscipit a
179,7,2021-11-27,97152.00,Processing,PayPal,Paid,2010-09-28,2010-06-15,tristique in tempus
180,10,2002-07-23,12536.00,Pending,Credit Card,Partially Paid,2005-10-23,2017-08-15,potenti in
181,1,2010-11-02,28083.00,Shipped,PayPal,Unpaid,2002-02-10,2013-06-03,nulla eget eros elementum
182,8,2009-02-11,37709.00,Delivered,Credit Card,Partially Paid,2003-07-11,2011-04-04,eros suspendisse accumsan
183,7,2016-04-08,51317.00,Pending,PayPal,Partially Paid,2005-07-19,2008-02-08,volutpat dui
184,7,2014-12-28,73331.00,Shipped,Credit Card,Unpaid,2022-01-04,2015-08-04,eleifend donec
185,3,2008-03-17,165057.00,Cancelled,Bank Transfer,Partially Paid,2015-05-18,2015-05-24,vulputate nonummy maecenas
186,8,2005-07-28,158008.00,Processing,Bank Transfer,Paid,2010-05-25,,eleifend donec ut
187,8,2000-07-24,53091.00,Pending,Bank Transfer,Paid,2007-01-04,2003-09-24,in magna bibendum imperdiet
188,3,2014-01-26,187637.00,Shipped,PayPal,Overdue,2021-01-28,2016-09-17,platea dictumst
189,3,2015-12-04,162971.00,Shipped,Cash,Overdue,2001-02-19,2000-10-17,ligula vehicula consequat morbi
190,9,2003-07-17,132892.00,Delivered,,Overdue,2017-11-16,,in leo maecenas
191,10,2013-01-27,104598.00,Delivered,Cash,Paid,2020-09-25,2022-03-07,posuere cubilia curae donec
192,1,2017-09-14,55231.00,Shipped,PayPal,Unpaid,2014-03-31,2003-10-22,a nibh in
193,2,2001-04-19,130245.00,Delivered,PayPal,Overdue,2010-03-07,2003-11-15,nam ultrices libero non
194,2,2021-07-12,100197.00,Pending,Cash,Partially Paid,2014-05-07,2018-10-08,vitae nisi nam
195,10,2018-10-13,96986.00,Processing,Cash,Partially Paid,2001-12-13,2019-11-21,morbi a ipsum integer
196,10,2001-10-05,124365.00,Delivered,Debit Card,Paid,2010-02-18,2022-02-24,rhoncus mauris enim leo
197,5,2010-03-08,181570.00,Cancelled,Bank Transfer,Overdue,2006-02-28,2000-01-13,enim sit amet nunc
198,1,2015-04-06,114705.00,Shipped,Bank Transfer,Overdue,2001-08-31,2017-12-28,massa donec
199,10,2002-09-13,23556.00,Shipped,Bank Transfer,Partially Paid,2008-10-27,2006-06-28,in felis eu sapien
200,9,2012-04-24,101495.00,Delivered,Debit Card,Overdue,2002-07-09,2019-01-17,blandit nam nulla
201,7,2002-08-06,148111.00,Pending,Debit Card,Overdue,2019-01-27,2001-12-08,augue aliquam erat volutpat
202,4,2013-11-05,172810.00,Processing,Credit Card,Overdue,2009-12-11,2010-03-20,sapien ut nunc vestibulum
203,6,2006-10-11,189563.00,Processing,Debit Card,Partially Paid,2001-10-27,2020-11-08,libero nam dui
204,10,2010-06-09,110001.00,Pending,Cash,Paid,2007-12-05,2009-04-16,donec vitae nisi nam
205,1,2011-02-28,187122.00,Shipped,Debit Card,Paid,2013-06-15,2022-05-15,condimentum id luctus nec
206,4,2005-03-14,119049.00,Cancelled,,Unpaid,2017-10-08,2007-06-21,etiam faucibus cursus urna
207,3,2010-10-29,111241.00,Cancelled,Debit Card,Overdue,2007-12-31,2003-01-08,ligula sit amet eleifend
208,4,2000-08-17,67214.00,Processing,Debit Card,Overdue,2005-05-18,2018-08-18,elementum eu interdum eu
209,2,2006-08-03,108935.00,Cancelled,PayPal,Paid,2013-05-21,2004-11-01,nisi venenatis
210,10,2000-03-13,107398.00,Cancelled,Cash,Overdue,2020-06-11,2009-04-18,quis turpis sed ante
211,7,2014-11-02,90801.00,Delivered,Bank Transfer,Overdue,2018-08-04,2012-06-28,suscipit a feugiat
212,4,2014-04-28,11098.00,Pending,Debit Card,Partially Paid,2001-06-02,2003-04-10,consectetuer adipiscing elit proin
213,7,2004-03-31,35450.00,Delivered,Debit Card,Partially Paid,2007-09-22,2016-04-18,non mattis pulvinar nulla
214,7,2021-05-05,163724.00,Processing,,Partially Paid,2000-08-19,2016-01-30,consectetuer adipiscing elit
215,5,2010-04-23,155513.00,Shipped,PayPal,Unpaid,2010-12-17,2022-11-12,consequat dui
216,1,2021-08-21,168911.00,Shipped,Bank Transfer,Unpaid,2018-09-23,2015-03-18,eleifend donec ut
217,10,2014-02-16,112881.00,Processing,Debit Card,Overdue,2006-09-19,2016-11-16,tincidunt lacus
218,7,2006-11-22,68541.00,Cancelled,Credit Card,Unpaid,2004-09-22,2003-03-05,erat quisque erat eros
219,7,2016-08-04,148435.00,Pending,Debit Card,Partially Paid,2011-07-20,2007-05-07,nibh in
220,2,2004-06-30,78015.00,Cancelled,Debit Card,Paid,2018-06-19,2019-10-18,volutpat erat quisque erat
221,4,2022-10-09,109322.00,Delivered,,Paid,2007-07-27,2022-07-20,sociis natoque penatibus et
222,7,2018-10-06,96755.00,Shipped,Credit Card,Paid,2001-03-30,2002-05-24,sit amet sem fusce
223,1,2003-07-05,31676.00,Cancelled,PayPal,Overdue,2006-08-25,2012-07-18,imperdiet nullam
224,1,2009-01-05,49656.00,Shipped,Bank Transfer,Partially Paid,2014-04-23,2005-04-02,cum sociis natoque
225,8,2002-03-09,173609.00,Delivered,Credit Card,Paid,2008-06-13,2001-07-20,ac leo pellentesque ultrices
226,3,2006-05-08,114181.00,Pending,PayPal,Unpaid,2007-08-18,2022-09-27,facilisi cras non
227,8,2014-04-26,196972.00,Cancelled,Bank Transfer,Partially Paid,2008-04-18,2015-11-25,interdum in
228,3,2001-09-28,136167.00,Pending,PayPal,Overdue,2014-03-29,2006-12-18,proin interdum mauris
229,5,2008-06-28,12638.00,Delivered,Cash,Paid,2019-04-15,2005-05-22,vulputate justo
230,3,2021-09-02,93293.00,Cancelled,,Partially Paid,2000-08-08,2015-05-04,eu interdum
231,5,2021-06-08,28911.00,Pending,Cash,Partially Paid,2015-10-25,2005-03-05,cum sociis
232,7,2006-10-07,29523.00,Shipped,Cash,Unpaid,2009-05-14,2013-08-23,a pede
233,7,2012-02-17,13158.00,Shipped,Cash,Partially Paid,2011-02-06,,lobortis vel
234,5,2020-10-10,137014.00,Pending,Cash,Unpaid,2001-11-09,,morbi non quam nec
235,9,2000-11-02,61186.00,Processing,PayPal,Unpaid,2012-03-22,2021-09-05,amet eros
236,3,2013-05-22,95514.00,Processing,PayPal,Paid,2008-06-12,2020-08-16,pede venenatis
237,8,2005-02-04,92467.00,Shipped,PayPal,Partially Paid,2017-01-28,2006-11-23,felis eu
238,7,2006-08-15,56185.00,Cancelled,PayPal,Paid,2006-04-07,2018-06-15,eu mi nulla
239,2,2022-04-08,136082.00,Cancelled,PayPal,Unpaid,2019-04-28,2009-08-25,non interdum
240,2,2000-08-27,73624.00,Pending,Debit Card,Paid,2005-04-05,2010-12-10,elit ac nulla sed
241,8,2019-10-28,32594.00,Cancelled,Cash,Overdue,2019-07-31,2020-04-13,vehicula consequat
242,6,2015-11-15,43300.00,Cancelled,,Overdue,2018-10-03,2002-07-17,faucibus cursus urna ut
243,10,2014-05-14,143652.00,Shipped,Debit Card,Paid,2006-07-21,2000-06-21,ante ipsum primis
244,9,2016-10-15,55300.00,Processing,Bank Transfer,Unpaid,2018-07-21,,consectetuer eget
245,7,2015-08-23,130338.00,Pending,,Unpaid,2014-11-25,2015-12-24,augue vestibulum ante
246,1,2017-06-24,63657.00,Delivered,PayPal,Overdue,2008-05-28,2020-03-18,tempus sit amet
247,9,2013-10-30,9760.00,Delivered,Bank Transfer,Unpaid,2001-08-08,2020-02-12,curabitur in
248,9,2018-02-10,180759.00,Shipped,PayPal,Overdue,2007-08-02,2021-01-13,feugiat non pretium quis
249,5,2019-01-11,181842.00,Shipped,Bank Transfer,Partially Paid,2003-02-22,2003-10-15,ultrices phasellus id
250,8,2018-07-25,164627.00,Shipped,Cash,Unpaid,2022-03-08,2008-11-16,ante vivamus
251,3,2013-01-26,19257.00,Cancelled,,Unpaid,2004-06-04,2021-04-26,sed lacus
252,9,2015-07-23,150109.00,Delivered,Debit Card,Unpaid,2019-08-04,2013-06-28,primis in
253,3,2019-03-20,122196.00,Processing,Bank Transfer,Unpaid,2020-01-31,2019-10-13,lobortis ligula sit amet
254,1,2017-02-12,48514.00,Processing,Credit Card,Partially Paid,2015-12-17,2003-04-04,rutrum at lorem
255,8,2000-01-05,17137.00,Pending,Cash,Paid,2010-10-21,2011-01-21,nisi vulputate
256,6,2010-06-11,165839.00,Pending,Debit Card,Partially Paid,2009-02-21,2012-02-27,sit amet cursus id
257,4,2012-02-12,19449.00,Pending,Debit Card,Unpaid,2021-11-28,2013-10-07,facilisi cras non velit
258,10,2005-07-21,18308.00,Delivered,Cash,Unpaid,2000-11-22,2014-11-18,dui luctus rutrum
259,10,2001-02-27,47813.00,Shipped,Bank Transfer,Unpaid,2016-04-04,2018-01-25,pharetra magna ac
260,1,2007-06-12,89671.00,Pending,Debit Card,Unpaid,2002-12-13,2008-05-29,phasellus id
261,1,2000-06-02,140349.00,Processing,Debit Card,Paid,2019-02-13,2003-09-11,pulvinar lobortis est
262,2,2000-04-20,185576.00,Pending,Debit Card,Unpaid,2016-07-20,2017-07-25,nulla sed vel
263,5,2014-07-27,9689.00,Shipped,,Unpaid,2020-07-17,2017-03-19,sem duis
264,2,2006-11-26,96069.00,Processing,PayPal,Unpaid,2013-01-03,2017-03-25,metus arcu
265,3,2000-05-08,164362.00,Cancelled,PayPal,Partially Paid,2017-05-27,2016-12-17,velit donec diam neque
266,9,2001-03-16,87776.00,Shipped,Debit Card,Unpaid,2019-12-12,2000-09-13,eu interdum eu tincidunt
267,1,2008-09-11,52320.00,Cancelled,Cash,Paid,2016-02-08,2020-12-06,eros suspendisse accumsan tortor
268,2,2013-08-16,79520.00,Processing,Credit Card,Overdue,2002-05-28,,justo nec condimentum neque
269,4,2006-04-29,34844.00,Cancelled,Bank Transfer,Unpaid,2002-07-13,2005-07-04,iaculis diam
270,8,2008-12-31,170160.00,Shipped,Debit Card,Overdue,2000-04-05,2006-02-06,ac diam cras pellentesque
271,7,2018-09-17,115027.00,Pending,Credit Card,Paid,2022-05-23,2013-09-25,non mi integer ac
272,3,2010-08-23,169389.00,Cancelled,,Unpaid,2013-07-30,2013-07-15,porttitor lacus
273,3,2020-01-18,57174.00,Pending,,Paid,2004-10-03,2021-07-19,ante ipsum primis
274,9,2009-08-20,129104.00,Pending,PayPal,Unpaid,2013-11-26,2004-09-03,integer aliquet
275,9,2019-11-24,139736.00,Processing,Debit Card,Partially Paid,2011-10-13,2005-09-13,penatibus et magnis dis
276,5,2013-07-16,87310.00,Delivered,Bank Transfer,Unpaid,2007-05-29,2009-03-31,aliquet at feugiat non
277,2,2000-06-17,23655.00,Delivered,Cash,Overdue,2007-07-22,2016-10-15,nibh fusce lacus purus
278,3,2013-02-04,29961.00,Delivered,Cash,Paid,2018-04-01,2021-07-31,penatibus et
279,7,2002-02-10,181739.00,Delivered,Bank Transfer,Paid,2011-07-30,2014-12-09,ipsum praesent blandit lacinia
280,5,2007-11-28,11176.00,Cancelled,Bank Transfer,Overdue,2010-01-02,2002-11-01,vel sem sed sagittis
281,3,2001-07-19,44058.00,Shipped,,Paid,2007-12-30,2021-08-19,metus sapien ut nunc
282,6,2013-11-04,10933.00,Processing,Credit Card,Partially Paid,2019-09-01,2004-06-03,aliquet massa id lobortis
283,10,2003-05-02,115736.00,Delivered,PayPal,Partially Paid,2000-07-25,2022-12-30,aliquet massa id lobortis
284,8,2014-01-31,52912.00,Processing,Debit Card,Unpaid,2008-11-21,2019-11-04,vestibulum proin eu
285,3,2002-08-25,179761.00,Cancelled,Bank Transfer,Unpaid,2019-06-01,2001-08-15,justo etiam pretium
286,7,2009-07-22,104956.00,Processing,Cash,Overdue,2022-10-03,2011-11-01,diam id ornare
287,1,2001-11-16,7199.00,Processing,,Overdue,2009-05-17,2021-03-27,adipiscing lorem
288,8,2016-02-27,140420.00,Pending,PayPal,Overdue,2016-12-06,2003-03-27,in quis justo maecenas
289,2,2021-11-25,187905.00,Shipped,Credit Card,Paid,2000-08-30,2019-09-15,libero quis
290,10,2004-10-07,42280.00,Cancelled,Credit Card,Partially Paid,2008-12-19,2011-09-23,pellentesque volutpat dui maecenas
291,4,2017-09-27,85378.00,Delivered,PayPal,Overdue,2015-02-04,2020-02-26,
292,5,2003-11-27,106665.00,Processing,Bank Transfer,Partially Paid,2011-08-22,2012-12-26,pellentesque eget nunc donec
293,4,2000-06-24,149274.00,Pending,PayPal,Partially Paid,2012-09-03,2005-10-05,pede malesuada in
294,5,2022-07-18,164332.00,Delivered,PayPal,Unpaid,2008-11-06,2015-03-05,curae nulla dapibus
295,3,2005-06-08,28872.00,Delivered,PayPal,Overdue,2007-01-26,2012-09-19,suscipit ligula in lacus
296,10,2004-07-09,45613.00,Delivered,Debit Card,Overdue,2018-10-02,2022-05-16,a libero nam
297,10,2021-11-12,15347.00,Shipped,PayPal,Partially Paid,2016-07-18,2019-10-29,iaculis diam erat fermentum
298,2,2001-05-03,199885.00,Shipped,Bank Transfer,Unpaid,2006-10-09,2012-06-04,sed vestibulum sit amet
299,3,2019-10-17,36723.00,Processing,PayPal,Overdue,2001-05-24,2010-08-07,semper rutrum nulla nunc
300,4,2020-09-10,152988.00,Delivered,PayPal,Partially Paid,2006-10-13,2003-08-08,velit donec diam neque
301,8,2020-03-06,121035.00,Pending,Cash,Partially Paid,2009-10-12,2014-12-01,velit nec
302,3,2000-07-23,183432.00,Processing,Cash,Overdue,2020-01-18,2014-03-13,scelerisque quam turpis
303,3,2020-08-25,3603.00,Pending,PayPal,Unpaid,2000-01-25,2003-06-24,mi nulla ac enim
304,7,2006-04-23,177322.00,Cancelled,Bank Transfer,Paid,2002-09-03,2007-07-21,non mauris morbi non
305,2,2012-08-07,167565.00,Cancelled,Cash,Overdue,2008-03-09,2007-08-30,
306,1,2007-09-18,16759.00,Pending,Bank Transfer,Partially Paid,2006-06-17,2009-12-08,venenatis turpis
307,8,2012-03-19,5258.00,Pending,Bank Transfer,Partially Paid,2006-06-28,2002-07-03,
308,4,2007-04-26,123779.00,Delivered,Bank Transfer,Overdue,2022-10-20,2008-04-30,amet nulla quisque
309,9,2000-10-14,25827.00,Cancelled,PayPal,Overdue,2010-11-30,2012-10-11,semper sapien
310,7,2014-10-20,77054.00,Processing,Bank Transfer,Overdue,2008-10-02,2005-02-25,auctor gravida
311,4,2020-10-14,74915.00,Pending,PayPal,Unpaid,2006-11-14,2011-02-25,nec nisi
312,10,2004-07-26,136553.00,Pending,,Partially Paid,2019-06-17,2021-05-07,turpis integer
313,8,2016-01-07,20423.00,Delivered,Credit Card,Paid,2016-11-07,2001-04-18,interdum venenatis
314,1,2017-05-17,86671.00,Cancelled,PayPal,Partially Paid,2011-05-22,2006-12-25,risus praesent
315,2,2021-05-27,199436.00,Shipped,Bank Transfer,Paid,2018-10-05,2021-10-31,duis aliquam
316,3,2003-05-03,151867.00,Cancelled,PayPal,Paid,2010-01-21,2000-03-18,mattis pulvinar nulla pede
317,8,2017-02-04,179355.00,Cancelled,,Unpaid,2014-05-07,2005-02-20,
318,3,2008-02-15,160181.00,Processing,Debit Card,Partially Paid,2008-02-03,2010-12-01,augue luctus tincidunt
319,4,2000-10-04,151046.00,Cancelled,Debit Card,Unpaid,2010-08-01,2022-01-27,sapien varius ut
320,8,2017-06-25,138701.00,Cancelled,,Unpaid,2013-11-01,2014-04-13,nec euismod scelerisque quam
321,2,2020-01-29,6428.00,Processing,Credit Card,Overdue,2016-06-23,2001-07-10,ipsum integer
322,10,2002-09-05,23581.00,Shipped,Cash,Paid,2006-07-22,2008-04-01,neque libero convallis eget
323,7,2000-02-10,104913.00,Processing,Credit Card,Partially Paid,2015-12-29,2001-04-04,cubilia curae duis
324,9,2015-08-15,195319.00,Shipped,Bank Transfer,Partially Paid,2002-08-02,2010-06-02,nascetur ridiculus mus
325,5,2002-11-19,143531.00,Cancelled,Bank Transfer,Partially Paid,2006-02-21,2009-02-17,porttitor lorem id ligula
326,2,2006-05-31,75925.00,Delivered,Debit Card,Overdue,2022-10-29,2009-10-15,vivamus vel
327,8,2002-05-31,190874.00,Delivered,Credit Card,Partially Paid,2009-10-11,2019-09-10,morbi porttitor lorem id
328,2,2014-01-13,172457.00,Processing,,Overdue,2008-12-07,2010-10-08,at ipsum
329,8,2008-08-21,44330.00,Processing,,Partially Paid,2022-08-16,2009-04-20,ultrices posuere cubilia curae
330,5,2021-10-18,136136.00,Shipped,Credit Card,Partially Paid,2013-04-17,2003-07-05,volutpat in congue etiam
331,8,2000-09-18,23202.00,Pending,Credit Card,Overdue,2009-09-09,2003-01-29,luctus et
332,3,2022-04-29,17925.00,Cancelled,Debit Card,Partially Paid,2018-09-08,2015-05-15,elementum eu
333,5,2020-03-29,98132.00,Processing,Credit Card,Overdue,2009-09-20,2001-10-14,consequat metus
334,7,2019-07-22,50200.00,Shipped,Cash,Paid,2013-05-23,2003-09-16,velit vivamus vel nulla
335,3,2000-12-02,194683.00,Delivered,Cash,Partially Paid,2012-07-25,2014-12-02,
336,4,2019-01-13,180243.00,Delivered,Debit Card,Paid,2001-07-27,2013-03-09,tortor sollicitudin
337,5,2001-12-30,8646.00,Processing,Credit Card,Paid,2014-08-13,2008-05-25,elit ac nulla sed
338,9,2006-11-14,69886.00,Pending,Cash,Unpaid,2007-01-13,2005-08-29,orci mauris lacinia sapien
339,1,2021-04-15,155220.00,Processing,PayPal,Paid,2020-06-07,2010-10-13,fusce posuere felis
340,7,2008-01-26,178542.00,Processing,Credit Card,Partially Paid,2017-12-16,2001-01-17,felis donec semper
341,5,2015-04-27,28072.00,Pending,Cash,Paid,2019-09-14,2019-08-21,molestie hendrerit
342,2,2022-09-08,185181.00,Delivered,Cash,Overdue,2000-06-05,2003-04-02,porttitor lacus
343,6,2012-12-09,155406.00,Processing,,Partially Paid,2020-03-15,2001-01-18,quis justo maecenas
344,6,2016-08-10,162633.00,Delivered,Cash,Unpaid,2008-02-21,2019-10-01,laoreet ut
345,2,2020-05-25,153210.00,Delivered,Cash,Unpaid,2009-12-25,2011-04-12,volutpat sapien arcu sed
346,8,2013-04-28,180129.00,Delivered,Credit Card,Overdue,2018-12-04,2020-04-22,lectus in est
347,2,2008-03-05,15124.00,Shipped,Bank Transfer,Unpaid,2009-09-20,2016-12-16,varius ut blandit non
348,6,2012-08-18,64485.00,Processing,Bank Transfer,Overdue,2019-01-20,2006-04-01,luctus et
349,8,2014-05-15,143622.00,Delivered,Debit Card,Overdue,2005-01-18,2000-04-10,sagittis dui
350,6,2021-01-18,104817.00,Delivered,Cash,Partially Paid,2004-02-03,2004-01-17,molestie nibh in
351,8,2018-06-07,11135.00,Pending,,Paid,2017-03-28,2015-05-30,laoreet ut
352,7,2012-06-13,75230.00,Pending,Credit Card,Overdue,2000-06-12,2015-12-11,platea dictumst
353,9,2016-11-11,61064.00,Shipped,Credit Card,Overdue,2002-07-18,2000-05-10,at velit
354,8,2008-09-11,66786.00,Pending,Cash,Paid,2012-01-13,2000-04-01,id consequat in consequat
355,2,2017-12-19,157445.00,Delivered,Bank Transfer,Paid,2003-01-30,2000-01-09,imperdiet et
356,1,2020-03-31,102129.00,Pending,PayPal,Partially Paid,2007-08-02,2019-07-17,mi nulla
357,7,2022-03-28,131289.00,Pending,PayPal,Overdue,2020-03-29,2018-07-13,ligula sit
358,9,2013-11-27,190572.00,Delivered,Debit Card,Partially Paid,2012-03-03,2017-01-06,mattis pulvinar nulla
359,8,2010-05-01,194490.00,Processing,,Paid,2004-11-12,2014-12-28,dui vel sem sed
360,1,2018-02-06,22365.00,Shipped,PayPal,Paid,2003-07-10,2016-05-05,malesuada in imperdiet
361,4,2002-01-27,185655.00,Processing,Credit Card,Overdue,2015-05-22,2007-08-20,est congue elementum in
362,3,2003-10-05,145850.00,Processing,,Partially Paid,2000-09-15,2010-09-02,sagittis nam congue risus
363,2,2016-06-07,39039.00,Pending,PayPal,Overdue,2019-07-09,2021-05-11,vulputate elementum
364,10,2005-04-05,110471.00,Cancelled,Credit Card,Overdue,2010-05-12,2022-05-06,nibh in
365,7,2006-06-29,123064.00,Delivered,Credit Card,Partially Paid,2017-10-10,2017-05-11,pellentesque eget
366,2,2020-10-21,12461.00,Cancelled,Bank Transfer,Unpaid,2015-01-27,2017-01-28,
367,10,2021-05-13,138155.00,Delivered,Credit Card,Overdue,2017-11-02,2020-12-15,quis turpis sed
368,2,2016-11-05,141865.00,Delivered,Credit Card,Partially Paid,2007-03-29,2005-06-11,vitae consectetuer eget
369,10,2018-03-05,126349.00,Delivered,Debit Card,Partially Paid,2009-11-02,2016-12-28,dis parturient montes nascetur
370,1,2011-10-12,35828.00,Shipped,Debit Card,Overdue,2008-03-31,2017-10-18,lacus curabitur at
371,9,2007-04-02,152726.00,Delivered,Bank Transfer,Overdue,2011-11-01,2018-09-10,cursus id turpis integer
372,2,2010-08-20,164588.00,Shipped,,Partially Paid,2014-04-08,2002-01-02,nisi venenatis tristique
373,8,2003-09-06,108004.00,Processing,Credit Card,Unpaid,2015-04-11,2009-07-27,tellus nisi eu
374,7,2006-12-31,104080.00,Delivered,PayPal,Unpaid,2012-07-26,2015-11-18,aliquam lacus
375,8,2008-05-31,138218.00,Processing,Credit Card,Overdue,2022-07-04,,nulla justo aliquam
376,3,2005-02-27,148173.00,Shipped,PayPal,Paid,2004-05-25,2015-03-11,congue eget semper rutrum
377,3,2006-08-04,71161.00,Processing,Credit Card,Overdue,2022-01-20,2016-12-19,tellus nisi
378,7,2013-06-30,26789.00,Cancelled,PayPal,Unpaid,2004-10-18,2004-11-02,ultrices posuere cubilia curae
379,4,2021-05-25,162101.00,Shipped,Bank Transfer,Paid,2013-08-13,2021-09-07,amet nulla
380,5,2020-03-07,119631.00,Delivered,Debit Card,Paid,2017-02-19,2022-12-10,vehicula consequat morbi
381,10,2012-02-21,110263.00,Pending,PayPal,Unpaid,2005-11-09,2016-09-29,interdum in ante vestibulum
382,9,2008-12-06,127546.00,Shipped,Cash,Unpaid,2020-05-16,2011-11-30,integer pede justo
383,5,2014-09-08,90907.00,Pending,PayPal,Partially Paid,2022-05-30,2004-01-26,amet consectetuer adipiscing
384,3,2012-11-07,138005.00,Delivered,Bank Transfer,Partially Paid,2022-03-06,2018-01-26,platea dictumst
385,10,2011-08-31,118946.00,Shipped,Credit Card,Paid,2012-01-19,2010-03-30,id ligula
386,7,2008-07-09,103362.00,Delivered,Credit Card,Unpaid,2017-04-25,2007-05-12,phasellus sit amet erat
387,4,2004-04-09,188859.00,Processing,,Paid,2007-06-19,2018-09-28,volutpat eleifend donec
388,1,2019-01-29,25089.00,Processing,Cash,Paid,2008-03-31,2001-01-12,rutrum nulla tellus
389,9,2010-02-03,65193.00,Pending,Bank Transfer,Paid,2006-06-19,2007-06-25,placerat ante nulla
390,7,2005-10-28,44367.00,Cancelled,Debit Card,Overdue,2021-10-20,2016-09-03,iaculis justo in
391,9,2006-04-24,73166.00,Delivered,Credit Card,Partially Paid,2019-10-25,2014-10-28,tellus nulla
392,4,2009-02-09,170859.00,Cancelled,PayPal,Partially Paid,2021-05-21,2010-03-12,nulla mollis molestie
393,10,2019-07-14,161372.00,Pending,Credit Card,Unpaid,2002-10-28,2017-02-13,blandit non interdum in
394,5,2001-02-23,101446.00,Cancelled,Cash,Partially Paid,2017-12-16,2014-08-03,suscipit ligula in
395,1,2013-09-04,167815.00,Processing,Bank Transfer,Unpaid,2004-11-17,2011-07-01,integer pede justo lacinia
396,7,2014-08-07,3268.00,Pending,Cash,Partially Paid,2014-12-01,2017-09-30,mauris non ligula pellentesque
397,1,2004-02-03,83576.00,Processing,Cash,Overdue,2017-07-23,2006-05-01,sapien dignissim vestibulum
398,2,2009-05-12,145281.00,Cancelled,Bank Transfer,Partially Paid,2007-04-15,2017-08-08,id justo sit amet
399,4,2012-10-13,91383.00,Pending,Bank Transfer,Unpaid,2011-01-26,,enim blandit mi
400,3,2020-02-09,77282.00,Delivered,,Partially Paid,2005-01-31,2002-09-09,libero quis orci
401,9,2008-06-03,19260.00,Pending,PayPal,Paid,2016-12-01,2001-02-21,
402,2,2003-05-08,54144.00,Processing,PayPal,Paid,2015-03-26,2008-12-24,lobortis convallis tortor
403,9,2007-09-22,92228.00,Cancelled,Debit Card,Partially Paid,2010-04-17,2013-10-07,pretium iaculis
404,8,2011-11-18,49526.00,Shipped,Bank Transfer,Overdue,2016-09-04,2019-11-14,
405,5,2018-12-05,21463.00,Pending,Bank Transfer,Overdue,2014-10-22,2022-06-19,turpis integer aliquet massa
406,9,2017-08-30,158745.00,Processing,Credit Card,Overdue,2016-04-20,2015-12-13,vestibulum ante
407,4,2005-11-01,19204.00,Shipped,Debit Card,Paid,2013-10-05,2009-06-19,erat id
408,3,2018-11-25,76684.00,Cancelled,Cash,Partially Paid,2005-03-28,2013-07-05,at velit eu
409,8,2001-12-29,185439.00,Pending,Debit Card,Unpaid,2005-01-09,2021-01-24,sollicitudin ut suscipit a
410,9,2011-06-22,49634.00,Cancelled,Cash,Partially Paid,2022-10-18,2011-12-31,sagittis dui vel
411,9,2022-05-17,43342.00,Delivered,Cash,Partially Paid,2017-11-21,2005-09-28,enim in
412,7,2017-05-19,31305.00,Pending,,Overdue,2004-06-15,2019-01-21,gravida nisi at nibh
413,6,2006-01-04,164623.00,Pending,Debit Card,Unpaid,2007-03-29,2013-07-18,congue diam id ornare
414,1,2008-02-24,66784.00,Processing,PayPal,Partially Paid,2015-06-08,2017-06-28,justo maecenas rhoncus
415,5,2010-05-15,176723.00,Delivered,Credit Card,Unpaid,2007-05-22,2001-12-22,orci luctus et
416,5,2017-11-26,21882.00,Processing,PayPal,Unpaid,2022-02-10,2010-03-17,varius ut
417,5,2013-04-27,172303.00,Cancelled,Credit Card,Partially Paid,2011-11-05,2017-09-20,posuere nonummy integer
418,8,2007-04-21,129339.00,Shipped,Credit Card,Partially Paid,2009-07-11,2013-05-30,scelerisque mauris sit
419,8,2002-10-03,88425.00,Processing,PayPal,Partially Paid,2008-07-08,2009-11-08,quis justo
420,8,2014-03-26,108043.00,Cancelled,Debit Card,Partially Paid,2000-01-06,2018-06-16,lacus morbi sem mauris
421,9,2017-03-06,846.00,Cancelled,PayPal,Overdue,2017-02-04,2011-03-06,magnis dis parturient
422,1,2013-10-03,13746.00,Shipped,PayPal,Paid,2018-10-03,2015-01-17,sollicitudin vitae
423,3,2011-02-28,183477.00,Cancelled,Bank Transfer,Unpaid,2018-05-26,2007-01-20,lacus morbi sem mauris
424,8,2000-04-18,6830.00,Delivered,PayPal,Unpaid,2005-02-19,2003-12-13,molestie hendrerit at vulputate
425,6,2005-06-03,39677.00,Processing,PayPal,Overdue,2011-06-24,2020-05-04,maecenas tristique est
426,8,2018-11-09,151231.00,Delivered,Debit Card,Partially Paid,2008-01-14,2018-12-31,proin leo
427,6,2017-04-27,195978.00,Delivered,Credit Card,Overdue,2015-01-01,2018-10-30,et magnis dis parturient
428,5,2018-11-05,52417.00,Processing,PayPal,Partially Paid,2008-12-19,2022-02-06,ut massa
429,1,2006-11-25,108946.00,Cancelled,Debit Card,Partially Paid,2000-11-04,2010-07-14,ligula pellentesque ultrices
430,6,2008-02-29,67192.00,Delivered,,Paid,2008-01-19,2007-06-09,massa id lobortis convallis
431,4,2017-02-23,62448.00,Delivered,PayPal,Unpaid,2013-12-12,2000-07-17,sed nisl nunc rhoncus
432,10,2012-11-23,85836.00,Delivered,Cash,Paid,2017-01-18,2008-05-12,ac diam
433,1,2014-09-16,158714.00,Delivered,PayPal,Partially Paid,2011-06-09,2016-05-19,erat curabitur
434,7,2014-07-29,45801.00,Shipped,Bank Transfer,Unpaid,2007-03-30,2018-04-05,urna ut tellus nulla
435,9,2007-01-07,118351.00,Pending,Debit Card,Overdue,2018-08-15,2004-01-30,hac habitasse platea dictumst
436,2,2007-04-19,167194.00,Pending,Debit Card,Partially Paid,2022-03-06,2013-06-20,adipiscing elit
437,7,2020-03-22,186551.00,Cancelled,Debit Card,Unpaid,2015-05-29,2016-10-03,quis orci eget
438,9,2011-01-03,163671.00,Processing,Debit Card,Overdue,2001-12-31,2002-07-19,habitasse platea
439,7,2016-08-18,20354.00,Delivered,PayPal,Unpaid,2016-05-25,2001-03-24,vivamus metus arcu adipiscing
440,8,2006-04-29,150562.00,Processing,,Unpaid,2000-11-14,2015-12-07,nibh in lectus
441,1,2012-03-22,37096.00,Pending,Cash,Paid,2018-09-27,2002-11-29,potenti cras in purus
442,5,2006-02-27,70990.00,Pending,,Unpaid,2020-03-10,,ultrices posuere cubilia
443,2,2018-03-21,72758.00,Processing,Credit Card,Paid,2021-06-23,2017-07-25,tincidunt nulla mollis molestie
444,9,2008-06-09,32075.00,Delivered,Debit Card,Unpaid,2000-03-29,2005-07-23,eu tincidunt in leo
445,7,2021-09-19,56835.00,Pending,,Overdue,2019-06-08,2018-02-05,justo morbi ut odio
446,6,2017-08-21,97966.00,Shipped,Debit Card,Overdue,2021-03-21,2009-06-18,luctus ultricies
447,6,2014-11-26,178511.00,Pending,Cash,Unpaid,2009-04-11,2009-04-23,molestie hendrerit at vulputate
448,5,2011-09-11,38153.00,Cancelled,PayPal,Paid,2006-03-07,2002-12-01,libero rutrum ac
449,4,2019-11-17,158363.00,Cancelled,,Unpaid,2010-09-12,2020-06-30,lectus pellentesque eget nunc
450,10,2000-12-31,30297.00,Pending,Debit Card,Overdue,2006-06-11,2000-10-16,phasellus sit amet erat
451,6,2009-05-21,7341.00,Cancelled,Credit Card,Overdue,2010-12-11,2011-01-29,integer tincidunt ante
452,7,2021-02-16,23318.00,Cancelled,PayPal,Unpaid,2000-10-02,2019-10-27,vestibulum velit id pretium
453,8,2007-10-21,174041.00,Processing,Credit Card,Overdue,2008-12-13,2001-08-23,phasellus sit amet
454,9,2003-10-11,46022.00,Processing,Credit Card,Paid,2019-05-22,2008-08-06,sit amet nulla quisque
455,2,2006-03-09,115541.00,Delivered,Debit Card,Paid,2000-04-06,2016-10-16,eros suspendisse accumsan tortor
456,3,2009-06-08,143946.00,Shipped,Credit Card,Unpaid,2000-11-23,2001-08-28,pretium nisl ut volutpat
457,10,2018-06-06,83520.00,Delivered,Bank Transfer,Overdue,2020-04-09,2020-03-27,interdum venenatis turpis enim
458,6,2019-11-29,124430.00,Delivered,Credit Card,Unpaid,2020-04-10,2004-08-01,non lectus aliquam
459,2,2018-09-11,46186.00,Pending,,Unpaid,2020-09-04,2021-05-12,nulla sed accumsan
460,7,2010-12-24,44311.00,Shipped,Bank Transfer,Unpaid,2020-08-30,,sapien urna pretium nisl
461,2,2009-01-08,145983.00,Shipped,Debit Card,Paid,2005-07-13,2022-02-25,et commodo vulputate
462,6,2011-09-17,188355.00,Delivered,Debit Card,Unpaid,2015-06-16,2001-08-20,viverra pede ac
463,10,2012-02-07,147941.00,Pending,PayPal,Partially Paid,2011-06-18,2009-03-08,in congue etiam
464,8,2022-08-20,47607.00,Cancelled,Cash,Partially Paid,2003-01-28,2013-04-10,habitasse platea
465,6,2021-08-18,72771.00,Shipped,Debit Card,Overdue,2020-08-10,2003-03-06,quam pharetra magna ac
466,6,2015-11-18,43842.00,Delivered,PayPal,Overdue,2011-10-28,2006-11-13,
467,8,2012-02-09,29218.00,Processing,PayPal,Unpaid,2002-11-13,2022-12-11,ante ipsum primis in
468,5,2006-09-19,122085.00,Processing,Debit Card,Unpaid,2004-09-05,2018-01-26,ipsum primis in faucibus
469,5,2008-06-17,32743.00,Cancelled,,Overdue,2022-09-12,2016-09-12,lacinia eget
470,9,2015-02-26,149610.00,Delivered,Cash,Overdue,2017-09-04,2007-01-15,amet lobortis sapien
471,6,2020-01-26,58876.00,Cancelled,PayPal,Partially Paid,2010-12-08,2015-08-17,dolor sit amet consectetuer
472,5,2012-06-14,134885.00,Delivered,Cash,Paid,2002-03-02,2009-03-15,malesuada in imperdiet
473,3,2018-05-26,94094.00,Cancelled,PayPal,Partially Paid,2004-06-20,2003-11-02,platea dictumst
474,1,2012-10-07,126681.00,Processing,Credit Card,Paid,2007-03-06,2017-07-19,nunc viverra dapibus
475,1,2015-03-15,49166.00,Delivered,Debit Card,Unpaid,2000-10-23,2015-06-23,eu magna
476,8,2001-03-26,156056.00,Pending,,Unpaid,2003-01-24,2013-05-08,donec pharetra magna vestibulum
477,1,2014-08-29,80660.00,Processing,Bank Transfer,Partially Paid,2009-09-02,2020-04-27,duis ac
478,8,2019-04-08,37710.00,Pending,PayPal,Overdue,2017-11-04,2013-05-15,eget tempus
479,4,2022-08-08,182941.00,Pending,Bank Transfer,Partially Paid,2017-08-28,2022-03-25,sit amet
480,10,2010-11-16,146787.00,Delivered,Bank Transfer,Paid,2001-11-25,2015-03-12,phasellus in felis
481,10,2001-05-28,10585.00,Processing,Cash,Unpaid,2003-09-13,2020-01-11,tincidunt ante vel ipsum
482,3,2008-06-13,168641.00,Cancelled,,Unpaid,2017-12-31,2017-04-17,volutpat in congue etiam
483,8,2016-05-18,125200.00,Pending,Bank Transfer,Paid,2002-09-18,2005-04-27,ut nunc vestibulum ante
484,4,2020-04-15,8893.00,Shipped,Bank Transfer,Overdue,2001-04-19,2021-10-14,
485,3,2015-03-10,109667.00,Cancelled,Bank Transfer,Paid,2004-06-22,2007-05-14,ipsum primis in
486,10,2017-05-18,33205.00,Delivered,Cash,Unpaid,2014-06-03,2014-06-14,elementum ligula
487,10,2003-09-10,82667.00,Cancelled,Credit Card,Unpaid,2015-11-14,2022-06-16,varius integer
488,1,2001-02-23,37135.00,Cancelled,Bank Transfer,Paid,2011-03-30,2020-03-23,tortor quis turpis
489,5,2020-03-10,28722.00,Pending,Credit Card,Paid,2007-12-06,2007-09-09,felis fusce posuere
490,6,2005-12-29,82764.00,Pending,Bank Transfer,Paid,2020-07-27,2004-02-18,donec ut
491,5,2003-08-31,13928.00,Cancelled,Bank Transfer,Partially Paid,2012-09-23,2014-02-06,velit vivamus
492,10,2022-10-25,114148.00,Cancelled,Debit Card,Overdue,2011-03-17,2021-11-06,sit amet
493,10,2006-04-26,67528.00,Delivered,,Overdue,2001-10-02,2003-04-28,ut odio cras
494,3,2022-12-06,194929.00,Delivered,PayPal,Unpaid,2018-05-17,2000-04-16,dui vel sem sed
495,6,2009-05-14,82856.00,Pending,Debit Card,Overdue,2017-01-02,2021-06-05,pede lobortis ligula
496,8,2022-07-13,119127.00,Delivered,Debit Card,Paid,2021-09-23,2016-04-22,bibendum felis sed interdum
497,2,2006-10-18,45527.00,Pending,Bank Transfer,Unpaid,2022-06-30,2014-12-19,
498,10,2012-02-15,179195.00,Pending,Credit Card,Unpaid,2017-09-05,2020-02-18,habitasse platea dictumst
499,6,2006-02-10,114265.00,Shipped,,Paid,2015-01-21,2001-05-26,nisi at nibh in
500,6,2021-07-02,119716.00,Pending,Bank Transfer,Unpaid,2008-03-30,2002-09-27,elementum in hac
